# Blender 5.0.1
# www.blender.org
mtllib character_model.mtl
o left_arm
v -0.065811 2.093688 -1.946977
v -0.065811 2.093688 -1.076977
v -0.065811 3.963687 -1.076977
v -0.065811 3.963687 -1.946976
v -0.065811 2.093688 -1.946977
v -0.065811 3.963687 -1.076977
v -0.130811 4.028687 -1.076977
v -0.065811 3.963687 -1.076977
v -0.065811 3.963687 -1.076977
v -0.065811 2.093688 -1.076977
v -0.065811 3.963687 -1.076977
v -0.130811 2.028688 -1.076977
v -0.065811 2.093688 -1.076977
v -0.130811 2.028687 -1.946977
v -0.130811 2.028688 -1.076977
v -0.065811 2.093688 -1.076977
v -0.065811 2.093688 -1.946977
v -0.130811 2.028687 -1.946977
v -0.065811 2.093688 -1.076977
v -0.130811 2.093688 -2.011977
v -0.130811 2.028687 -1.946977
v -0.065811 2.093688 -1.946977
v -0.130811 3.963687 -2.011976
v -0.130811 2.093688 -2.011977
v -0.065811 2.093688 -1.946977
v -0.065811 3.963687 -1.946976
v -0.130811 3.963687 -2.011976
v -0.065811 2.093688 -1.946977
v -0.130811 4.028687 -1.946976
v -0.130811 3.963687 -2.011976
v -0.065811 3.963687 -1.946976
v -0.130811 4.028687 -1.076977
v -0.130811 4.028687 -1.946976
v -0.065811 3.963687 -1.946976
v -0.065811 3.963687 -1.076977
v -0.130811 4.028687 -1.076977
v -0.065811 3.963687 -1.946976
v -1.000811 4.028687 -1.076977
v -0.130811 4.028687 -1.076977
v -0.130811 4.028687 -1.076977
v -1.000811 2.028688 -1.076977
v -0.130811 2.028688 -1.076977
v -1.000811 2.028688 -1.076977
v -1.000811 2.028687 -1.946977
v -1.000811 2.028688 -1.076977
v -0.130811 2.028688 -1.076977
v -0.130811 2.028687 -1.946977
v -1.000811 2.028687 -1.946977
v -0.130811 2.028688 -1.076977
v -1.000811 2.093688 -2.011977
v -1.000811 2.028687 -1.946977
v -0.130811 2.028687 -1.946977
v -0.130811 2.093688 -2.011977
v -1.000811 2.093688 -2.011977
v -0.130811 2.028687 -1.946977
v -1.000811 3.963687 -2.011976
v -1.000811 2.093688 -2.011977
v -0.130811 2.093688 -2.011977
v -0.130811 3.963687 -2.011976
v -1.000811 3.963687 -2.011976
v -0.130811 2.093688 -2.011977
v -1.000811 4.028687 -1.946976
v -1.000811 3.963687 -2.011976
v -0.130811 3.963687 -2.011976
v -0.130811 4.028687 -1.946976
v -1.000811 4.028687 -1.946976
v -0.130811 3.963687 -2.011976
v -1.000811 4.028687 -1.076977
v -1.000811 4.028687 -1.946976
v -0.130811 4.028687 -1.946976
v -0.130811 4.028687 -1.076977
v -1.000811 4.028687 -1.076977
v -0.130811 4.028687 -1.946976
v -1.065811 3.963687 -1.076977
v -1.000811 4.028687 -1.076977
v -1.065811 2.093688 -1.076977
v -1.065811 3.963687 -1.076977
v -1.065811 2.093688 -1.076977
v -1.000811 2.028688 -1.076977
v -1.065811 2.093688 -1.076977
v -1.065811 2.093688 -1.946977
v -1.065811 2.093688 -1.076977
v -1.000811 2.028688 -1.076977
v -1.000811 2.028687 -1.946977
v -1.065811 2.093688 -1.946977
v -1.000811 2.028688 -1.076977
v -1.000811 2.093688 -2.011977
v -1.065811 2.093688 -1.946977
v -1.000811 2.028687 -1.946977
v -1.065811 3.963687 -1.946976
v -1.065811 2.093688 -1.946977
v -1.000811 2.093688 -2.011977
v -1.000811 3.963687 -2.011976
v -1.065811 3.963687 -1.946976
v -1.000811 2.093688 -2.011977
v -1.000811 4.028687 -1.946976
v -1.065811 3.963687 -1.946976
v -1.000811 3.963687 -2.011976
v -1.065811 3.963687 -1.076977
v -1.065811 3.963687 -1.946976
v -1.000811 4.028687 -1.946976
v -1.000811 4.028687 -1.076977
v -1.065811 3.963687 -1.076977
v -1.000811 4.028687 -1.946976
v -1.065811 2.093688 -1.076977
v -1.065811 2.093688 -1.946977
v -1.065811 3.963687 -1.946976
v -1.065811 3.963687 -1.076977
v -1.065811 2.093688 -1.076977
v -1.065811 3.963687 -1.946976
vn 1.0000 -0.0000 -0.0000
vn 0.6739 -0.6739 0.3029
vn 0.7071 -0.7071 -0.0000
vn 0.6927 -0.6927 -0.2008
vn 0.6739 -0.3029 -0.6739
vn 0.3029 -0.6739 -0.6739
vn 0.7071 -0.0000 -0.7071
vn 0.6927 0.2008 -0.6927
vn 0.6739 0.6739 -0.3029
vn 0.3029 0.6739 -0.6739
vn 0.7071 0.7071 -0.0000
vn 0.6927 0.6927 0.2008
vn -0.0000 -1.0000 -0.0000
vn -0.0000 -0.7071 -0.7071
vn -0.3029 -0.6739 -0.6739
vn -0.0000 -0.0000 -1.0000
vn -0.0000 0.7071 -0.7071
vn -0.3029 0.6739 -0.6739
vn -0.0000 1.0000 -0.0000
vn -0.6739 -0.6739 0.3029
vn -0.7071 -0.7071 -0.0000
vn -0.6927 -0.6927 -0.2008
vn -0.6739 -0.3029 -0.6739
vn -0.7071 -0.0000 -0.7071
vn -0.6927 0.2008 -0.6927
vn -0.6739 0.6739 -0.3029
vn -0.7071 0.7071 -0.0000
vn -0.6927 0.6927 0.2008
vn -1.0000 -0.0000 -0.0000
vt 0.262200 0.871100
vt 0.171400 0.871100
vt 0.171400 0.753900
vt 0.262200 0.753900
vt 0.168500 0.871100
vt 0.168500 0.753900
vt 0.171400 0.746100
vt 0.262200 0.746100
vt 0.265100 0.753900
vt 0.265100 0.871100
vt 0.602100 0.238300
vt 0.602100 0.355500
vt 0.558100 0.355500
vt 0.558100 0.238300
vt 0.168500 0.746100
vt 0.168500 0.628900
vt 0.171400 0.628900
vt 0.262200 0.628900
vt 0.265100 0.628900
vt 0.265100 0.746100
vt 0.663600 0.355500
vt 0.663600 0.238300
vt 0.707500 0.238300
vt 0.707500 0.355500
vt 0.168500 0.503900
vt 0.171400 0.503900
vt 0.171400 0.621100
vt 0.168500 0.621100
vt 0.262200 0.621100
vt 0.265100 0.621100
vt 0.262200 0.503900
vt 0.265100 0.503900
s 1
usemtl Material.001
f 3/1/1 2/2/1 1/3/1
f 6/1/1 5/3/1 4/4/1
f 16/2/2 15/5/3 14/6/4
f 19/2/3 18/6/4 17/3/3
f 22/3/5 21/6/4 20/7/6
f 25/3/5 24/7/7 23/8/8
f 28/3/7 27/8/8 26/4/7
f 31/4/9 30/8/8 29/9/10
f 34/4/9 33/9/11 32/10/12
f 37/4/11 36/10/12 35/1/11
f 46/11/13 45/12/13 44/13/13
f 49/11/13 48/13/13 47/14/13
f 52/15/14 51/16/15 50/17/14
f 55/15/14 54/17/14 53/7/6
f 58/7/16 57/17/16 56/18/16
f 61/7/16 60/18/16 59/8/16
f 64/8/17 63/18/18 62/19/17
f 67/8/17 66/19/17 65/20/10
f 70/21/19 69/22/19 68/23/19
f 73/21/19 72/23/19 71/24/19
f 83/25/20 82/26/21 81/27/22
f 86/25/21 85/27/22 84/28/21
f 89/28/15 88/27/22 87/17/23
f 92/17/23 91/27/24 90/29/25
f 95/17/24 94/29/25 93/18/24
f 98/18/18 97/29/25 96/30/26
f 101/30/26 100/29/27 99/31/28
f 104/30/27 103/31/28 102/32/27
f 107/29/29 106/27/29 105/26/29
f 110/29/29 109/26/29 108/31/29
l 7 8
l 12 13
l 42 43
l 38 39
l 74 75
l 79 80
l 10 11
l 76 77
o right_arm
v -0.130812 3.963687 0.919419
v -0.130812 3.963687 0.919419
v -1.000811 3.963687 0.919418
v -0.130812 3.963687 0.919419
v -1.000811 3.963687 0.919418
v -1.000811 3.963687 0.919418
v -0.130812 3.963687 0.919419
v -0.130812 3.963687 0.919419
v -1.000811 3.963687 0.919418
v -1.000811 3.963687 0.919418
v -1.000811 3.963687 0.919418
v -0.065812 2.093687 0.984419
v -0.065812 2.093687 1.854419
v -0.065812 3.963687 1.854419
v -0.065812 3.963687 0.984420
v -0.065812 2.093687 0.984419
v -0.065812 3.963687 1.854419
v -0.130812 3.963687 1.919420
v -0.130812 4.028687 1.854419
v -0.065812 3.963687 1.854419
v -0.130812 2.093687 1.919419
v -0.130812 3.963687 1.919420
v -0.065812 3.963687 1.854419
v -0.065812 2.093687 1.854419
v -0.130812 2.093687 1.919419
v -0.065812 3.963687 1.854419
v -0.130812 2.028687 1.854419
v -0.130812 2.093687 1.919419
v -0.065812 2.093687 1.854419
v -0.130812 2.028687 0.984419
v -0.130812 2.028687 1.854419
v -0.065812 2.093687 1.854419
v -0.065812 2.093687 0.984419
v -0.130812 2.028687 0.984419
v -0.065812 2.093687 1.854419
v -0.130812 2.028687 0.984419
v -0.065812 2.093687 0.984419
v -0.130812 3.963687 0.919419
v -0.065812 2.093687 0.984419
v -0.065812 3.963687 0.984420
v -0.130812 3.963687 0.919419
v -0.065812 2.093687 0.984419
v -0.130812 4.028687 0.984420
v -0.130812 3.963687 0.919419
v -0.065812 3.963687 0.984420
v -0.130812 4.028687 1.854419
v -0.130812 4.028687 0.984420
v -0.065812 3.963687 0.984420
v -0.065812 3.963687 1.854419
v -0.130812 4.028687 1.854419
v -0.065812 3.963687 0.984420
v -1.000811 3.963687 1.919420
v -1.000811 4.028687 1.854419
v -0.130812 4.028687 1.854419
v -0.130812 3.963687 1.919420
v -1.000811 3.963687 1.919420
v -0.130812 4.028687 1.854419
v -1.000811 2.093687 1.919419
v -1.000811 3.963687 1.919420
v -0.130812 3.963687 1.919420
v -0.130812 2.093687 1.919419
v -1.000811 2.093687 1.919419
v -0.130812 3.963687 1.919420
v -1.000811 2.028687 1.854419
v -1.000811 2.093687 1.919419
v -0.130812 2.093687 1.919419
v -0.130812 2.028687 1.854419
v -1.000811 2.028687 1.854419
v -0.130812 2.093687 1.919419
v -1.000811 2.028687 0.984418
v -1.000811 2.028687 1.854419
v -0.130812 2.028687 1.854419
v -0.130812 2.028687 0.984419
v -1.000811 2.028687 0.984418
v -0.130812 2.028687 1.854419
v -1.000811 2.028687 0.984418
v -0.130812 2.028687 0.984419
v -0.130812 2.028687 0.984419
v -1.000811 3.963687 0.919418
v -0.130812 3.963687 0.919419
v -1.000811 3.963687 0.919418
v -1.000811 4.028687 0.984419
v -1.000811 3.963687 0.919418
v -0.130812 3.963687 0.919419
v -0.130812 4.028687 0.984420
v -1.000811 4.028687 0.984419
v -0.130812 3.963687 0.919419
v -1.000811 4.028687 1.854419
v -1.000811 4.028687 0.984419
v -0.130812 4.028687 0.984420
v -0.130812 4.028687 1.854419
v -1.000811 4.028687 1.854419
v -0.130812 4.028687 0.984420
v -1.000811 3.963687 1.919420
v -1.065812 3.963687 1.854419
v -1.000811 4.028687 1.854419
v -1.065812 2.093687 1.854419
v -1.065812 3.963687 1.854419
v -1.000811 3.963687 1.919420
v -1.000811 2.093687 1.919419
v -1.065812 2.093687 1.854419
v -1.000811 3.963687 1.919420
v -1.000811 2.028687 1.854419
v -1.065812 2.093687 1.854419
v -1.000811 2.093687 1.919419
v -1.065812 2.093687 0.984418
v -1.065812 2.093687 1.854419
v -1.000811 2.028687 1.854419
v -1.000811 2.028687 0.984418
v -1.065812 2.093687 0.984418
v -1.000811 2.028687 1.854419
v -1.065812 2.093687 0.984418
v -1.000811 2.028687 0.984418
v -1.065812 3.963687 0.984419
v -1.065812 2.093687 0.984418
v -1.000811 3.963687 0.919418
v -1.065812 3.963687 0.984419
v -1.000811 4.028687 0.984419
v -1.065812 3.963687 0.984419
v -1.000811 3.963687 0.919418
v -1.065812 3.963687 1.854419
v -1.065812 3.963687 0.984419
v -1.000811 4.028687 0.984419
v -1.000811 4.028687 1.854419
v -1.065812 3.963687 1.854419
v -1.000811 4.028687 0.984419
v -1.065812 2.093687 1.854419
v -1.065812 2.093687 0.984418
v -1.065812 3.963687 0.984419
v -1.065812 3.963687 1.854419
v -1.065812 2.093687 1.854419
v -1.065812 3.963687 0.984419
vn 1.0000 -0.0000 -0.0000
vn 0.6927 0.2008 0.6927
vn 0.6927 0.6927 0.2008
vn 0.3029 0.6739 0.6739
vn 0.7071 -0.0000 0.7071
vn 0.6927 -0.2008 0.6927
vn 0.6739 -0.6739 0.3029
vn 0.3029 -0.6739 0.6739
vn 0.7071 -0.7071 -0.0000
vn 0.6927 -0.6927 -0.2008
vn 0.7071 -0.0000 -0.7071
vn 0.6927 0.2008 -0.6927
vn 0.6739 0.6739 -0.3029
vn 0.3030 0.6739 -0.6739
vn 0.7071 0.7071 -0.0000
vn -0.0000 0.7071 0.7071
vn -0.3029 0.6739 0.6739
vn -0.0000 -0.0000 1.0000
vn -0.0000 -0.7071 0.7071
vn -0.3029 -0.6739 0.6739
vn -0.0000 -1.0000 -0.0000
vn -0.0000 0.7071 -0.7071
vn -0.3029 0.6739 -0.6739
vn 0.3029 0.6739 -0.6739
vn -0.0000 1.0000 -0.0000
vn -0.3030 0.6739 0.6739
vn -0.6927 0.6927 0.2008
vn -0.6739 0.3029 0.6739
vn -0.7071 -0.0000 0.7071
vn -0.6927 -0.2008 0.6927
vn -0.3030 -0.6739 0.6739
vn -0.6739 -0.6739 0.3029
vn -0.7071 -0.7071 -0.0000
vn -0.6927 -0.6927 -0.2008
vn -0.6927 0.2008 -0.6927
vn -0.6739 0.6739 -0.3029
vn -0.7071 0.7071 -0.0000
vn -1.0000 -0.0000 -0.0000
vt 0.408700 0.621100
vt 0.317900 0.621100
vt 0.317900 0.503900
vt 0.408700 0.503900
vt 0.411600 0.621100
vt 0.408700 0.628900
vt 0.317900 0.628900
vt 0.314900 0.621100
vt 0.314900 0.503900
vt 0.408700 0.496100
vt 0.411600 0.503900
vt 0.411600 0.628900
vt 0.411600 0.746100
vt 0.408700 0.746100
vt 0.317900 0.746100
vt 0.314900 0.746100
vt 0.314900 0.628900
vt 0.654800 0.238300
vt 0.654800 0.355500
vt 0.610800 0.355500
vt 0.610800 0.238300
vt 0.408700 0.996100
vt 0.408700 0.878900
vt 0.411600 0.878900
vt 0.411600 0.996100
vt 0.147900 0.210900
vt 0.147900 0.093800
vt 0.191900 0.093800
vt 0.191900 0.210900
vt 0.411600 0.753900
vt 0.408700 0.753900
vt 0.317900 0.753900
vt 0.314900 0.753900
vt 0.317900 0.871100
vt 0.314900 0.871100
vt 0.408700 0.871100
vt 0.411600 0.871100
s 1
usemtl Material.001
f 124/33/30 123/34/30 122/35/30
f 127/33/30 126/35/30 125/36/30
f 130/33/31 129/37/32 128/38/33
f 133/33/31 132/38/34 131/39/35
f 136/33/31 135/39/35 134/34/34
f 139/34/36 138/39/35 137/40/37
f 142/34/36 141/40/38 140/41/39
f 145/34/38 144/41/39 143/35/38
f 152/35/40 151/42/41 150/36/40
f 155/36/42 154/42/41 153/43/43
f 158/36/42 157/43/44 156/37/32
f 161/36/44 160/37/32 159/33/44
f 164/44/45 163/45/46 162/46/45
f 167/44/45 166/46/45 165/38/33
f 170/38/47 169/46/47 168/47/47
f 173/38/47 172/47/47 171/39/47
f 176/39/48 175/47/49 174/48/48
f 179/39/48 178/48/48 177/49/37
f 182/50/50 181/51/50 180/52/50
f 185/50/50 184/52/50 183/53/50
f 194/54/51 193/55/52 192/56/51
f 197/54/51 196/56/51 195/57/53
f 200/58/54 199/59/54 198/60/54
f 203/58/54 202/60/54 201/61/54
f 206/62/55 205/63/56 204/46/57
f 209/46/57 208/63/58 207/64/59
f 212/46/58 211/64/59 210/47/58
f 215/47/60 214/64/59 213/65/61
f 218/65/61 217/64/62 216/66/63
f 221/65/62 220/66/63 219/67/62
f 230/55/52 229/68/64 228/69/65
f 233/69/65 232/68/66 231/63/56
f 236/69/66 235/63/56 234/62/66
f 239/68/67 238/66/67 237/64/67
f 242/68/67 241/64/67 240/63/67
l 226 227
l 116 117
l 148 149
l 186 187
l 190 191
l 222 223
l 114 115
l 224 225
l 146 147
o right_leg
v -0.065812 0.093684 0.053024
v -0.065812 0.093683 0.923024
v -0.065812 1.963687 0.854419
v -0.065812 1.963687 0.053024
v -0.065812 0.093684 0.053024
v -0.065812 1.963687 0.854419
v -0.130812 1.963687 0.919419
v -0.065812 1.963687 0.854419
v -0.130812 0.093683 0.919419
v -0.130812 1.963687 0.919419
v -0.065812 1.963687 0.854419
v -0.065812 0.093683 0.923024
v -0.130812 0.093683 0.919419
v -0.065812 1.963687 0.854419
v -0.130812 0.028683 0.923024
v -0.130812 0.093683 0.919419
v -0.065812 0.093683 0.923024
v -0.130812 0.028683 0.053024
v -0.130812 0.028683 0.923024
v -0.065812 0.093683 0.923024
v -0.065812 0.093684 0.053024
v -0.130812 0.028683 0.053024
v -0.065812 0.093683 0.923024
v -0.130812 0.093684 -0.011976
v -0.130812 0.028683 0.053024
v -0.065812 0.093684 0.053024
v -0.130812 1.963687 -0.011976
v -0.130812 0.093684 -0.011976
v -0.065812 0.093684 0.053024
v -0.065812 1.963687 0.053024
v -0.130812 1.963687 -0.011976
v -0.065812 0.093684 0.053024
v -0.130812 1.963687 -0.011976
v -0.065812 1.963687 0.053024
v -0.065812 1.963687 0.053024
v -0.065812 1.963687 0.854419
v -0.065812 1.963687 0.053024
v -1.000811 1.963687 0.919418
v -0.130812 1.963687 0.919419
v -1.000811 1.963687 0.919418
v -1.000811 0.093683 0.919418
v -1.000811 1.963687 0.919418
v -0.130812 1.963687 0.919419
v -0.130812 0.093683 0.919419
v -1.000811 0.093683 0.919418
v -0.130812 1.963687 0.919419
v -1.000811 0.028683 0.923023
v -1.000811 0.093683 0.919418
v -0.130812 0.093683 0.919419
v -0.130812 0.028683 0.923024
v -1.000811 0.028683 0.923023
v -0.130812 0.093683 0.919419
v -1.000811 0.028683 0.053023
v -1.000811 0.028683 0.923023
v -0.130812 0.028683 0.923024
v -0.130812 0.028683 0.053024
v -1.000811 0.028683 0.053023
v -0.130812 0.028683 0.923024
v -1.000811 0.093684 -0.011977
v -1.000811 0.028683 0.053023
v -0.130812 0.028683 0.053024
v -0.130812 0.093684 -0.011976
v -1.000811 0.093684 -0.011977
v -0.130812 0.028683 0.053024
v -1.000811 1.963687 -0.011977
v -1.000811 0.093684 -0.011977
v -0.130812 0.093684 -0.011976
v -0.130812 1.963687 -0.011976
v -1.000811 1.963687 -0.011977
v -0.130812 0.093684 -0.011976
v -1.000811 1.963687 -0.011977
v -0.130812 1.963687 -0.011976
v -0.130812 1.963687 -0.011976
v -1.000811 1.963687 0.919418
v -1.065812 1.963687 0.854418
v -1.065812 0.093683 0.923023
v -1.065812 1.963687 0.854418
v -1.000811 1.963687 0.919418
v -1.000811 0.093683 0.919418
v -1.065812 0.093683 0.923023
v -1.000811 1.963687 0.919418
v -1.000811 0.028683 0.923023
v -1.065812 0.093683 0.923023
v -1.000811 0.093683 0.919418
v -1.065812 0.093684 0.053023
v -1.065812 0.093683 0.923023
v -1.000811 0.028683 0.923023
v -1.000811 0.028683 0.053023
v -1.065812 0.093684 0.053023
v -1.000811 0.028683 0.923023
v -1.000811 0.093684 -0.011977
v -1.065812 0.093684 0.053023
v -1.000811 0.028683 0.053023
v -1.065812 1.963687 0.053022
v -1.065812 0.093684 0.053023
v -1.000811 0.093684 -0.011977
v -1.000811 1.963687 -0.011977
v -1.065812 1.963687 0.053022
v -1.000811 0.093684 -0.011977
v -1.065812 1.963687 0.053022
v -1.000811 1.963687 -0.011977
v -1.065812 1.963687 0.854418
v -1.065812 1.963687 0.053022
v -1.065812 1.963687 0.854418
v -1.065812 0.093683 0.923023
v -1.065812 0.093684 0.053023
v -1.065812 1.963687 0.053022
v -1.065812 1.963687 0.854418
v -1.065812 0.093683 0.923023
v -1.065812 1.963687 0.053022
v -0.130812 1.963687 -0.011976
v -0.130812 0.093684 -0.011976
v -0.130812 1.963687 -0.011976
v -0.130812 0.093684 -0.011976
v -0.130812 0.093684 -0.011976
v -1.000811 1.963687 -0.011977
v -0.130812 1.963687 -0.011976
v -1.000811 1.963687 -0.011977
v -1.000811 0.093684 -0.011977
v -1.000811 1.963687 -0.011977
v -0.130812 1.963687 -0.011976
v -0.130812 0.093684 -0.011976
v -1.000811 0.093684 -0.011977
v -0.130812 1.963687 -0.011976
v -1.000811 0.093684 -0.011977
v -0.130812 0.093684 -0.011976
v -0.130812 0.093684 -0.011976
v -1.000811 1.963687 -0.011977
v -1.000811 1.963687 -0.011977
v -1.000811 0.093684 -0.011977
v -1.000811 1.963687 -0.011977
v -1.000811 0.093684 -0.011977
vn 1.0000 -0.0000 -0.0000
vn 0.6927 0.2008 0.6927
vn 0.7071 -0.0000 0.7071
vn 0.6927 -0.2008 0.6927
vn -0.0557 0.2365 0.9700
vn -0.0535 -0.1648 0.9849
vn -0.0553 0.0366 0.9978
vn 0.1769 -0.1435 0.9737
vn 0.0130 0.4468 0.8946
vn -0.3541 0.0282 0.9348
vn 0.6739 -0.6739 0.3029
vn 0.7071 -0.7071 -0.0000
vn 0.6927 -0.6927 -0.2008
vn 0.6739 -0.3029 -0.6739
vn 0.3029 -0.6739 -0.6739
vn 0.7071 -0.0000 -0.7071
vn 0.6927 0.2008 -0.6927
vn -0.0000 -0.0000 1.0000
vn -0.0000 0.0554 0.9985
vn -0.3029 0.0528 0.9516
vn 0.3029 0.0528 0.9516
vn -0.0000 -1.0000 -0.0000
vn -0.0000 -0.7071 -0.7071
vn -0.3029 -0.6739 -0.6739
vn -0.0000 -0.0000 -1.0000
vn -0.6699 0.3275 0.6663
vn -0.7069 0.0259 0.7069
vn -0.6925 -0.1752 0.6998
vn 0.0554 -0.0000 0.9985
vn 0.0552 -0.2008 0.9781
vn 0.3514 0.0047 0.9362
vn 0.0181 0.4504 0.8926
vn -0.1435 -0.1769 0.9737
vn -0.6739 -0.6739 0.3029
vn -0.7071 -0.7071 -0.0000
vn -0.6927 -0.6927 -0.2008
vn -0.6739 -0.3030 -0.6739
vn -0.6739 -0.3029 -0.6739
vn -0.7071 -0.0000 -0.7071
vn -0.6927 0.2008 -0.6927
vn -1.0000 -0.0000 -0.0000
vt 0.701700 0.621100
vt 0.610800 0.621100
vt 0.610800 0.503900
vt 0.701700 0.503900
vt 0.701700 0.628900
vt 0.610800 0.628900
vt 0.607900 0.621100
vt 0.607900 0.503900
vt 0.610800 0.496100
vt 0.701700 0.496100
vt 0.701700 0.746100
vt 0.610800 0.746100
vt 0.607900 0.746100
vt 0.607900 0.628900
vt 0.549300 0.238300
vt 0.549300 0.355500
vt 0.505400 0.355500
vt 0.505400 0.238300
vt 0.607900 0.996100
vt 0.607900 0.878900
vt 0.610800 0.878900
vt 0.610800 0.996100
vt 0.701700 0.878900
vt 0.701700 0.996100
vt 0.701700 0.753900
vt 0.610800 0.753900
vt 0.607900 0.753900
vt 0.610800 0.871100
vt 0.607900 0.871100
vt 0.701700 0.871100
vt 0.555200 0.378900
vt 0.555200 0.496100
vt 0.464400 0.496100
vt 0.464400 0.378900
s 1
usemtl Material.001
f 245/70/68 244/71/68 243/72/68
f 248/70/68 247/72/68 246/73/68
f 253/70/69 252/74/70 251/75/71
f 256/70/72 255/75/73 254/71/74
f 259/71/75 258/75/76 257/76/77
f 262/71/78 261/76/79 260/77/80
f 265/71/79 264/77/80 263/72/79
f 268/72/81 267/77/80 266/78/82
f 271/72/81 270/78/83 269/79/84
f 274/72/83 273/79/84 272/73/83
f 285/74/85 284/80/85 283/81/85
f 288/74/85 287/81/85 286/75/85
f 291/75/86 290/81/87 289/82/86
f 294/75/86 293/82/86 292/83/88
f 297/84/89 296/85/89 295/86/89
f 300/84/89 299/86/89 298/87/89
f 303/88/90 302/89/91 301/90/90
f 306/88/90 305/90/90 304/91/82
f 309/91/92 308/90/92 307/92/92
f 312/91/92 311/92/92 310/93/92
f 320/80/93 319/94/94 318/95/95
f 323/80/96 322/95/97 321/81/96
f 326/81/98 325/95/99 324/96/100
f 329/96/101 328/95/102 327/97/103
f 332/96/102 331/97/103 330/98/102
f 335/98/91 334/97/103 333/90/104
f 338/90/105 337/97/106 336/99/107
f 341/90/106 340/99/107 339/92/106
f 349/99/108 348/97/108 347/95/108
f 352/99/108 351/95/108 350/94/108
f 363/100/85 362/101/85 361/102/85
f 366/100/85 365/102/85 364/103/85
l 275 276
l 316 317
l 367 368
l 372 373
l 281 282
l 354 355
l 249 250
l 342 343
l 278 279
l 313 314
l 344 345
l 359 360
o left_leg
v -0.130812 1.963687 -0.011976
v -1.000811 1.963687 -0.011977
v -0.130812 1.963687 -0.011976
v -0.130812 1.963687 -0.011976
v -1.000811 1.963687 -0.011977
v -0.065811 0.093684 -0.946977
v -0.065812 0.093684 -0.076976
v -0.065812 1.963687 -0.076977
v -0.065811 1.963688 -0.946977
v -0.065811 0.093684 -0.946977
v -0.065812 1.963687 -0.076977
v -0.130812 1.963687 -0.011976
v -0.065812 1.963687 -0.076977
v -0.130812 0.093684 -0.011976
v -0.130812 1.963687 -0.011976
v -0.065812 1.963687 -0.076977
v -0.065812 0.093684 -0.076976
v -0.130812 0.093684 -0.011976
v -0.065812 1.963687 -0.076977
v -0.130812 0.028683 -0.076976
v -0.130812 0.093684 -0.011976
v -0.065812 0.093684 -0.076976
v -0.130811 0.028683 -0.946977
v -0.130812 0.028683 -0.076976
v -0.065812 0.093684 -0.076976
v -0.065811 0.093684 -0.946977
v -0.130811 0.028683 -0.946977
v -0.065812 0.093684 -0.076976
v -0.130811 0.093684 -1.011977
v -0.130811 0.028683 -0.946977
v -0.065811 0.093684 -0.946977
v -0.130811 1.963688 -1.011978
v -0.130811 0.093684 -1.011977
v -0.065811 0.093684 -0.946977
v -0.065811 1.963688 -0.946977
v -0.130811 1.963688 -1.011978
v -0.065811 0.093684 -0.946977
v -0.130811 1.963688 -1.011978
v -0.065811 1.963688 -0.946977
v -0.065811 1.963688 -0.946977
v -0.065812 1.963687 -0.076977
v -0.065811 1.963688 -0.946977
v -1.000811 1.963687 -0.011977
v -0.130812 1.963687 -0.011976
v -1.000811 1.963687 -0.011977
v -1.000811 0.028683 -0.076977
v -1.000811 0.093684 -0.011977
v -0.130812 0.093684 -0.011976
v -0.130812 0.028683 -0.076976
v -1.000811 0.028683 -0.076977
v -0.130812 0.093684 -0.011976
v -1.000811 0.028683 -0.946977
v -1.000811 0.028683 -0.076977
v -0.130812 0.028683 -0.076976
v -0.130811 0.028683 -0.946977
v -1.000811 0.028683 -0.946977
v -0.130812 0.028683 -0.076976
v -1.000811 0.093684 -1.011977
v -1.000811 0.028683 -0.946977
v -0.130811 0.028683 -0.946977
v -0.130811 0.093684 -1.011977
v -1.000811 0.093684 -1.011977
v -0.130811 0.028683 -0.946977
v -1.000811 1.963688 -1.011978
v -1.000811 0.093684 -1.011977
v -0.130811 0.093684 -1.011977
v -0.130811 1.963688 -1.011978
v -1.000811 1.963688 -1.011978
v -0.130811 0.093684 -1.011977
v -1.000811 1.963688 -1.011978
v -0.130811 1.963688 -1.011978
v -0.130811 1.963688 -1.011978
v -1.000811 1.963687 -0.011977
v -1.065812 1.963687 -0.076977
v -1.065812 0.093684 -0.076977
v -1.065812 1.963687 -0.076977
v -1.000811 1.963687 -0.011977
v -1.000811 0.093684 -0.011977
v -1.065812 0.093684 -0.076977
v -1.000811 1.963687 -0.011977
v -1.000811 0.028683 -0.076977
v -1.065812 0.093684 -0.076977
v -1.000811 0.093684 -0.011977
v -1.065811 0.093684 -0.946977
v -1.065812 0.093684 -0.076977
v -1.000811 0.028683 -0.076977
v -1.000811 0.028683 -0.946977
v -1.065811 0.093684 -0.946977
v -1.000811 0.028683 -0.076977
v -1.000811 0.093684 -1.011977
v -1.065811 0.093684 -0.946977
v -1.000811 0.028683 -0.946977
v -1.065811 1.963688 -0.946977
v -1.065811 0.093684 -0.946977
v -1.000811 0.093684 -1.011977
v -1.000811 1.963688 -1.011978
v -1.065811 1.963688 -0.946977
v -1.000811 0.093684 -1.011977
v -1.065811 1.963688 -0.946977
v -1.000811 1.963688 -1.011978
v -1.065812 1.963687 -0.076977
v -1.065811 1.963688 -0.946977
v -1.065812 1.963687 -0.076977
v -1.065812 0.093684 -0.076977
v -1.065811 0.093684 -0.946977
v -1.065811 1.963688 -0.946977
v -1.065812 1.963687 -0.076977
v -1.065812 0.093684 -0.076977
v -1.065811 1.963688 -0.946977
vn 1.0000 -0.0000 -0.0000
vn 0.6927 0.2008 0.6927
vn 0.7071 -0.0000 0.7071
vn 0.6927 -0.2008 0.6927
vn 0.6739 -0.6739 0.3029
vn 0.3029 -0.6739 0.6739
vn 0.7071 -0.7071 -0.0000
vn 0.6927 -0.6927 -0.2008
vn 0.6739 -0.3029 -0.6739
vn 0.3029 -0.6739 -0.6739
vn 0.7071 -0.0000 -0.7071
vn 0.6927 0.2008 -0.6927
vn -0.0000 -0.7071 0.7071
vn -0.3029 -0.6739 0.6739
vn -0.0000 -1.0000 -0.0000
vn -0.0000 -0.7071 -0.7071
vn -0.3029 -0.6739 -0.6739
vn -0.0000 -0.0000 -1.0000
vn -0.6927 0.2008 0.6927
vn -0.7071 -0.0000 0.7071
vn -0.6927 -0.2008 0.6927
vn -0.3030 -0.6739 0.6739
vn -0.6739 -0.6739 0.3029
vn -0.7071 -0.7071 -0.0000
vn -0.6927 -0.6927 -0.2008
vn -0.3030 -0.6739 -0.6739
vn -0.6739 -0.3029 -0.6739
vn -0.7071 -0.0000 -0.7071
vn -0.6927 0.2008 -0.6927
vn -1.0000 -0.0000 -0.0000
vt 0.555200 0.871100
vt 0.464400 0.871100
vt 0.464400 0.753900
vt 0.555200 0.753900
vt 0.555200 0.878900
vt 0.464400 0.878900
vt 0.461400 0.871100
vt 0.461400 0.753900
vt 0.464400 0.746100
vt 0.555200 0.746100
vt 0.464400 0.378900
vt 0.464400 0.496100
vt 0.461400 0.496100
vt 0.461400 0.378900
vt 0.496600 0.238300
vt 0.496600 0.355500
vt 0.452600 0.355500
vt 0.452600 0.238300
vt 0.461400 0.746100
vt 0.461400 0.628900
vt 0.464400 0.628900
vt 0.555200 0.628900
vt 0.555200 0.496100
vt 0.555200 0.503900
vt 0.464400 0.503900
vt 0.461400 0.503900
vt 0.464400 0.621100
vt 0.461400 0.621100
vt 0.555200 0.621100
s 1
usemtl Material.001
f 382/104/109 381/105/109 380/106/109
f 385/104/109 384/106/109 383/107/109
f 390/104/110 389/108/111 388/109/112
f 393/104/110 392/109/112 391/105/111
f 396/105/113 395/109/112 394/110/114
f 399/105/113 398/110/115 397/111/116
f 402/105/115 401/111/116 400/106/115
f 405/106/117 404/111/116 403/112/118
f 408/106/117 407/112/119 406/113/120
f 411/106/119 410/113/120 409/107/119
f 422/114/121 421/115/122 420/116/121
f 425/114/121 424/116/121 423/117/114
f 428/118/123 427/119/123 426/120/123
f 431/118/123 430/120/123 429/121/123
f 434/122/124 433/123/125 432/124/124
f 437/122/124 436/124/124 435/112/118
f 440/112/126 439/124/126 438/125/126
f 443/112/126 442/125/126 441/113/126
f 451/126/127 450/127/128 449/128/129
f 454/126/127 453/128/129 452/115/128
f 457/115/130 456/128/129 455/129/131
f 460/129/131 459/128/132 458/130/133
f 463/129/132 462/130/133 461/131/132
f 466/131/134 465/130/133 464/124/135
f 469/124/135 468/130/136 467/132/137
f 472/124/136 471/132/137 470/125/136
f 480/132/138 479/130/138 478/128/138
f 483/132/138 482/128/138 481/127/138
l 386 387
l 473 474
l 415 416
l 444 445
l 475 476
l 412 413
l 447 448
l 376 377
l 418 419
o head
v -0.393391 3.927467 -0.258177
v -0.353251 3.927467 -0.224576
v -0.271911 3.950357 -0.305876
v -0.271911 3.950357 -0.305876
v -0.327411 3.950357 -0.352476
v -0.393391 3.927467 -0.258177
v -0.327411 3.950357 -0.352476
v -0.271911 3.950357 -0.305876
v -0.202950 4.015518 -0.374877
v -0.202950 4.015518 -0.374877
v -0.271471 4.015518 -0.432376
v -0.327411 3.950357 -0.352476
v -0.271471 4.015518 -0.432376
v -0.202950 4.015518 -0.374877
v -0.156870 4.113038 -0.420877
v -0.156870 4.113038 -0.420877
v -0.234091 4.113038 -0.485677
v -0.271471 4.015518 -0.432376
v -0.234091 4.113038 -0.485677
v -0.156870 4.113038 -0.420877
v -0.140691 4.228077 -0.437077
v -0.140691 4.228077 -0.437077
v -0.220971 4.228077 -0.504477
v -0.234091 4.113038 -0.485677
v -0.220971 4.228077 -0.504477
v -0.140691 4.228077 -0.437077
v -0.140691 4.829288 -0.437077
v -0.140691 4.829288 -0.437077
v -0.220971 4.829288 -0.504477
v -0.220971 4.228077 -0.504477
v -0.220971 4.829288 -0.504477
v -0.140691 4.829288 -0.437077
v -0.156870 4.944326 -0.420877
v -0.156870 4.944326 -0.420877
v -0.234091 4.944326 -0.485677
v -0.220971 4.829288 -0.504477
v -0.234091 4.944326 -0.485677
v -0.156870 4.944326 -0.420877
v -0.202950 5.041847 -0.374877
v -0.202950 5.041847 -0.374877
v -0.271471 5.041847 -0.432376
v -0.234091 4.944326 -0.485677
v -0.271471 5.041847 -0.432376
v -0.202950 5.041847 -0.374877
v -0.271911 5.107018 -0.305876
v -0.271911 5.107018 -0.305876
v -0.327411 5.107018 -0.352476
v -0.271471 5.041847 -0.432376
v -0.327411 5.107018 -0.352476
v -0.271911 5.107018 -0.305876
v -0.353251 5.129898 -0.224576
v -0.353251 5.129898 -0.224576
v -0.393391 5.129898 -0.258177
v -0.327411 5.107018 -0.352476
v -0.438771 3.927467 -0.284376
v -0.393391 3.927467 -0.258177
v -0.327411 3.950357 -0.352476
v -0.327411 3.950357 -0.352476
v -0.390151 3.950357 -0.388676
v -0.438771 3.927467 -0.284376
v -0.390151 3.950357 -0.388676
v -0.327411 3.950357 -0.352476
v -0.271471 4.015518 -0.432376
v -0.271471 4.015518 -0.432376
v -0.348940 4.015518 -0.477077
v -0.390151 3.950357 -0.388676
v -0.348940 4.015518 -0.477077
v -0.271471 4.015518 -0.432376
v -0.234091 4.113038 -0.485677
v -0.234091 4.113038 -0.485677
v -0.321401 4.113038 -0.536077
v -0.348940 4.015518 -0.477077
v -0.321401 4.113038 -0.536077
v -0.234091 4.113038 -0.485677
v -0.220971 4.228077 -0.504477
v -0.220971 4.228077 -0.504477
v -0.311730 4.228077 -0.556876
v -0.321401 4.113038 -0.536077
v -0.311730 4.228077 -0.556876
v -0.220971 4.228077 -0.504477
v -0.220971 4.829288 -0.504477
v -0.220971 4.829288 -0.504477
v -0.311730 4.829288 -0.556876
v -0.311730 4.228077 -0.556876
v -0.311730 4.829288 -0.556876
v -0.220971 4.829288 -0.504477
v -0.234091 4.944326 -0.485677
v -0.234091 4.944326 -0.485677
v -0.321401 4.944326 -0.536077
v -0.311730 4.829288 -0.556876
v -0.321401 4.944326 -0.536077
v -0.234091 4.944326 -0.485677
v -0.271471 5.041847 -0.432376
v -0.271471 5.041847 -0.432376
v -0.348940 5.041847 -0.477077
v -0.321401 4.944326 -0.536077
v -0.348940 5.041847 -0.477077
v -0.271471 5.041847 -0.432376
v -0.327411 5.107018 -0.352476
v -0.327411 5.107018 -0.352476
v -0.390151 5.107018 -0.388676
v -0.348940 5.041847 -0.477077
v -0.390151 5.107018 -0.388676
v -0.327411 5.107018 -0.352476
v -0.393391 5.129898 -0.258177
v -0.393391 5.129898 -0.258177
v -0.438771 5.129898 -0.284376
v -0.390151 5.107018 -0.388676
v -0.488010 3.927467 -0.302377
v -0.438771 3.927467 -0.284376
v -0.390151 3.950357 -0.388676
v -0.390151 3.950357 -0.388676
v -0.458230 3.950357 -0.413476
v -0.488010 3.927467 -0.302377
v -0.458230 3.950357 -0.413476
v -0.390151 3.950357 -0.388676
v -0.348940 4.015518 -0.477077
v -0.348940 4.015518 -0.477077
v -0.432991 4.015518 -0.507676
v -0.458230 3.950357 -0.413476
v -0.432991 4.015518 -0.507676
v -0.348940 4.015518 -0.477077
v -0.321401 4.113038 -0.536077
v -0.321401 4.113038 -0.536077
v -0.416131 4.113038 -0.570576
v -0.432991 4.015518 -0.507676
v -0.416131 4.113038 -0.570576
v -0.321401 4.113038 -0.536077
v -0.311730 4.228077 -0.556876
v -0.311730 4.228077 -0.556876
v -0.410201 4.228077 -0.592676
v -0.416131 4.113038 -0.570576
v -0.410201 4.228077 -0.592676
v -0.311730 4.228077 -0.556876
v -0.311730 4.829288 -0.556876
v -0.311730 4.829288 -0.556876
v -0.410201 4.829288 -0.592676
v -0.410201 4.228077 -0.592676
v -0.410201 4.829288 -0.592676
v -0.311730 4.829288 -0.556876
v -0.321401 4.944326 -0.536077
v -0.321401 4.944326 -0.536077
v -0.416131 4.944326 -0.570576
v -0.410201 4.829288 -0.592676
v -0.416131 4.944326 -0.570576
v -0.321401 4.944326 -0.536077
v -0.348940 5.041847 -0.477077
v -0.348940 5.041847 -0.477077
v -0.432991 5.041847 -0.507676
v -0.416131 4.944326 -0.570576
v -0.432991 5.041847 -0.507676
v -0.348940 5.041847 -0.477077
v -0.390151 5.107018 -0.388676
v -0.390151 5.107018 -0.388676
v -0.458230 5.107018 -0.413476
v -0.432991 5.041847 -0.507676
v -0.458230 5.107018 -0.413476
v -0.390151 5.107018 -0.388676
v -0.438771 5.129898 -0.284376
v -0.438771 5.129898 -0.284376
v -0.488010 5.129898 -0.302377
v -0.458230 5.107018 -0.413476
v -0.539610 3.927467 -0.311476
v -0.488010 3.927467 -0.302377
v -0.458230 3.950357 -0.413476
v -0.458230 3.950357 -0.413476
v -0.529581 3.950357 -0.426076
v -0.539610 3.927467 -0.311476
v -0.529581 3.950357 -0.426076
v -0.458230 3.950357 -0.413476
v -0.432991 4.015518 -0.507676
v -0.432991 4.015518 -0.507676
v -0.521080 4.015518 -0.523176
v -0.529581 3.950357 -0.426076
v -0.521080 4.015518 -0.523176
v -0.432991 4.015518 -0.507676
v -0.416131 4.113038 -0.570576
v -0.416131 4.113038 -0.570576
v -0.515400 4.113038 -0.588076
v -0.521080 4.015518 -0.523176
v -0.515400 4.113038 -0.588076
v -0.416131 4.113038 -0.570576
v -0.410201 4.228077 -0.592676
v -0.410201 4.228077 -0.592676
v -0.513411 4.228077 -0.610877
v -0.515400 4.113038 -0.588076
v -0.513411 4.228077 -0.610877
v -0.410201 4.228077 -0.592676
v -0.410201 4.829288 -0.592676
v -0.410201 4.829288 -0.592676
v -0.513411 4.829288 -0.610877
v -0.513411 4.228077 -0.610877
v -0.513411 4.829288 -0.610877
v -0.410201 4.829288 -0.592676
v -0.416131 4.944326 -0.570576
v -0.416131 4.944326 -0.570576
v -0.515400 4.944326 -0.588076
v -0.513411 4.829288 -0.610877
v -0.515400 4.944326 -0.588076
v -0.416131 4.944326 -0.570576
v -0.432991 5.041847 -0.507676
v -0.432991 5.041847 -0.507676
v -0.521080 5.041847 -0.523176
v -0.515400 4.944326 -0.588076
v -0.521080 5.041847 -0.523176
v -0.432991 5.041847 -0.507676
v -0.458230 5.107018 -0.413476
v -0.458230 5.107018 -0.413476
v -0.529581 5.107018 -0.426076
v -0.521080 5.041847 -0.523176
v -0.529581 5.107018 -0.426076
v -0.458230 5.107018 -0.413476
v -0.488010 5.129898 -0.302377
v -0.488010 5.129898 -0.302377
v -0.539610 5.129898 -0.311476
v -0.529581 5.107018 -0.426076
v -0.592010 3.927467 -0.311476
v -0.539610 3.927467 -0.311476
v -0.529581 3.950357 -0.426076
v -0.529581 3.950357 -0.426076
v -0.602041 3.950357 -0.426076
v -0.592010 3.927467 -0.311476
v -0.602041 3.950357 -0.426076
v -0.529581 3.950357 -0.426076
v -0.521080 4.015518 -0.523176
v -0.521080 4.015518 -0.523176
v -0.610540 4.015518 -0.523176
v -0.602041 3.950357 -0.426076
v -0.610540 4.015518 -0.523176
v -0.521080 4.015518 -0.523176
v -0.515400 4.113038 -0.588076
v -0.515400 4.113038 -0.588076
v -0.616210 4.113038 -0.588076
v -0.610540 4.015518 -0.523176
v -0.616210 4.113038 -0.588076
v -0.515400 4.113038 -0.588076
v -0.513411 4.228077 -0.610877
v -0.513411 4.228077 -0.610877
v -0.618211 4.228077 -0.610877
v -0.616210 4.113038 -0.588076
v -0.618211 4.228077 -0.610877
v -0.513411 4.228077 -0.610877
v -0.513411 4.829288 -0.610877
v -0.513411 4.829288 -0.610877
v -0.618211 4.829288 -0.610877
v -0.618211 4.228077 -0.610877
v -0.618211 4.829288 -0.610877
v -0.513411 4.829288 -0.610877
v -0.515400 4.944326 -0.588076
v -0.515400 4.944326 -0.588076
v -0.616210 4.944326 -0.588076
v -0.618211 4.829288 -0.610877
v -0.616210 4.944326 -0.588076
v -0.515400 4.944326 -0.588076
v -0.521080 5.041847 -0.523176
v -0.521080 5.041847 -0.523176
v -0.610540 5.041847 -0.523176
v -0.616210 4.944326 -0.588076
v -0.610540 5.041847 -0.523176
v -0.521080 5.041847 -0.523176
v -0.529581 5.107018 -0.426076
v -0.529581 5.107018 -0.426076
v -0.602041 5.107018 -0.426076
v -0.610540 5.041847 -0.523176
v -0.602041 5.107018 -0.426076
v -0.529581 5.107018 -0.426076
v -0.539610 5.129898 -0.311476
v -0.539610 5.129898 -0.311476
v -0.592010 5.129898 -0.311476
v -0.602041 5.107018 -0.426076
v -0.643610 3.927467 -0.302377
v -0.592010 3.927467 -0.311476
v -0.602041 3.950357 -0.426076
v -0.602041 3.950357 -0.426076
v -0.673390 3.950357 -0.413476
v -0.643610 3.927467 -0.302377
v -0.673390 3.950357 -0.413476
v -0.602041 3.950357 -0.426076
v -0.610540 4.015518 -0.523176
v -0.610540 4.015518 -0.523176
v -0.698631 4.015518 -0.507676
v -0.673390 3.950357 -0.413476
v -0.698631 4.015518 -0.507676
v -0.610540 4.015518 -0.523176
v -0.616210 4.113038 -0.588076
v -0.616210 4.113038 -0.588076
v -0.715491 4.113038 -0.570576
v -0.698631 4.015518 -0.507676
v -0.715491 4.113038 -0.570576
v -0.616210 4.113038 -0.588076
v -0.618211 4.228077 -0.610877
v -0.618211 4.228077 -0.610877
v -0.721421 4.228077 -0.592676
v -0.715491 4.113038 -0.570576
v -0.721421 4.228077 -0.592676
v -0.618211 4.228077 -0.610877
v -0.618211 4.829288 -0.610877
v -0.618211 4.829288 -0.610877
v -0.721421 4.829288 -0.592676
v -0.721421 4.228077 -0.592676
v -0.721421 4.829288 -0.592676
v -0.618211 4.829288 -0.610877
v -0.616210 4.944326 -0.588076
v -0.616210 4.944326 -0.588076
v -0.715491 4.944326 -0.570576
v -0.721421 4.829288 -0.592676
v -0.715491 4.944326 -0.570576
v -0.616210 4.944326 -0.588076
v -0.610540 5.041847 -0.523176
v -0.610540 5.041847 -0.523176
v -0.698631 5.041847 -0.507676
v -0.715491 4.944326 -0.570576
v -0.698631 5.041847 -0.507676
v -0.610540 5.041847 -0.523176
v -0.602041 5.107018 -0.426076
v -0.602041 5.107018 -0.426076
v -0.673390 5.107018 -0.413476
v -0.698631 5.041847 -0.507676
v -0.673390 5.107018 -0.413476
v -0.602041 5.107018 -0.426076
v -0.592010 5.129898 -0.311476
v -0.592010 5.129898 -0.311476
v -0.643610 5.129898 -0.302377
v -0.673390 5.107018 -0.413476
v -0.692851 3.927467 -0.284376
v -0.643610 3.927467 -0.302377
v -0.673390 3.950357 -0.413476
v -0.673390 3.950357 -0.413476
v -0.741471 3.950357 -0.388676
v -0.692851 3.927467 -0.284376
v -0.741471 3.950357 -0.388676
v -0.673390 3.950357 -0.413476
v -0.698631 4.015518 -0.507676
v -0.698631 4.015518 -0.507676
v -0.782681 4.015518 -0.477077
v -0.741471 3.950357 -0.388676
v -0.782681 4.015518 -0.477077
v -0.698631 4.015518 -0.507676
v -0.715491 4.113038 -0.570576
v -0.715491 4.113038 -0.570576
v -0.810221 4.113038 -0.536077
v -0.782681 4.015518 -0.477077
v -0.810221 4.113038 -0.536077
v -0.715491 4.113038 -0.570576
v -0.721421 4.228077 -0.592676
v -0.721421 4.228077 -0.592676
v -0.819890 4.228077 -0.556877
v -0.810221 4.113038 -0.536077
v -0.819890 4.228077 -0.556877
v -0.721421 4.228077 -0.592676
v -0.721421 4.829288 -0.592676
v -0.721421 4.829288 -0.592676
v -0.819890 4.829288 -0.556877
v -0.819890 4.228077 -0.556877
v -0.819890 4.829288 -0.556877
v -0.721421 4.829288 -0.592676
v -0.715491 4.944326 -0.570576
v -0.715491 4.944326 -0.570576
v -0.810221 4.944326 -0.536077
v -0.819890 4.829288 -0.556877
v -0.810221 4.944326 -0.536077
v -0.715491 4.944326 -0.570576
v -0.698631 5.041847 -0.507676
v -0.698631 5.041847 -0.507676
v -0.782681 5.041847 -0.477077
v -0.810221 4.944326 -0.536077
v -0.782681 5.041847 -0.477077
v -0.698631 5.041847 -0.507676
v -0.673390 5.107018 -0.413476
v -0.673390 5.107018 -0.413476
v -0.741471 5.107018 -0.388676
v -0.782681 5.041847 -0.477077
v -0.741471 5.107018 -0.388676
v -0.673390 5.107018 -0.413476
v -0.643610 5.129898 -0.302377
v -0.643610 5.129898 -0.302377
v -0.692851 5.129898 -0.284376
v -0.741471 5.107018 -0.388676
v -0.738231 3.927467 -0.258177
v -0.692851 3.927467 -0.284376
v -0.741471 3.950357 -0.388676
v -0.741471 3.950357 -0.388676
v -0.804211 3.950357 -0.352477
v -0.738231 3.927467 -0.258177
v -0.804211 3.950357 -0.352477
v -0.741471 3.950357 -0.388676
v -0.782681 4.015518 -0.477077
v -0.782681 4.015518 -0.477077
v -0.860151 4.015518 -0.432377
v -0.804211 3.950357 -0.352477
v -0.860151 4.015518 -0.432377
v -0.782681 4.015518 -0.477077
v -0.810221 4.113038 -0.536077
v -0.810221 4.113038 -0.536077
v -0.897531 4.113038 -0.485677
v -0.860151 4.015518 -0.432377
v -0.897531 4.113038 -0.485677
v -0.810221 4.113038 -0.536077
v -0.819890 4.228077 -0.556877
v -0.819890 4.228077 -0.556877
v -0.910651 4.228077 -0.504477
v -0.897531 4.113038 -0.485677
v -0.910651 4.228077 -0.504477
v -0.819890 4.228077 -0.556877
v -0.819890 4.829288 -0.556877
v -0.819890 4.829288 -0.556877
v -0.910651 4.829288 -0.504477
v -0.910651 4.228077 -0.504477
v -0.910651 4.829288 -0.504477
v -0.819890 4.829288 -0.556877
v -0.810221 4.944326 -0.536077
v -0.810221 4.944326 -0.536077
v -0.897531 4.944326 -0.485677
v -0.910651 4.829288 -0.504477
v -0.897531 4.944326 -0.485677
v -0.810221 4.944326 -0.536077
v -0.782681 5.041847 -0.477077
v -0.782681 5.041847 -0.477077
v -0.860151 5.041847 -0.432377
v -0.897531 4.944326 -0.485677
v -0.860151 5.041847 -0.432377
v -0.782681 5.041847 -0.477077
v -0.741471 5.107018 -0.388676
v -0.741471 5.107018 -0.388676
v -0.804211 5.107018 -0.352477
v -0.860151 5.041847 -0.432377
v -0.804211 5.107018 -0.352477
v -0.741471 5.107018 -0.388676
v -0.692851 5.129898 -0.284376
v -0.692851 5.129898 -0.284376
v -0.738231 5.129898 -0.258177
v -0.804211 5.107018 -0.352477
v -0.778370 3.927467 -0.224577
v -0.738231 3.927467 -0.258177
v -0.804211 3.950357 -0.352477
v -0.804211 3.950357 -0.352477
v -0.859711 3.950357 -0.305877
v -0.778370 3.927467 -0.224577
v -0.859711 3.950357 -0.305877
v -0.804211 3.950357 -0.352477
v -0.860151 4.015518 -0.432377
v -0.860151 4.015518 -0.432377
v -0.928670 4.015518 -0.374877
v -0.859711 3.950357 -0.305877
v -0.928670 4.015518 -0.374877
v -0.860151 4.015518 -0.432377
v -0.897531 4.113038 -0.485677
v -0.897531 4.113038 -0.485677
v -0.974751 4.113038 -0.420877
v -0.928670 4.015518 -0.374877
v -0.974751 4.113038 -0.420877
v -0.897531 4.113038 -0.485677
v -0.910651 4.228077 -0.504477
v -0.910651 4.228077 -0.504477
v -0.990931 4.228077 -0.437077
v -0.974751 4.113038 -0.420877
v -0.990931 4.228077 -0.437077
v -0.910651 4.228077 -0.504477
v -0.910651 4.829288 -0.504477
v -0.910651 4.829288 -0.504477
v -0.990931 4.829288 -0.437077
v -0.990931 4.228077 -0.437077
v -0.990931 4.829288 -0.437077
v -0.910651 4.829288 -0.504477
v -0.897531 4.944326 -0.485677
v -0.897531 4.944326 -0.485677
v -0.974751 4.944326 -0.420877
v -0.990931 4.829288 -0.437077
v -0.974751 4.944326 -0.420877
v -0.897531 4.944326 -0.485677
v -0.860151 5.041847 -0.432377
v -0.860151 5.041847 -0.432377
v -0.928670 5.041847 -0.374877
v -0.974751 4.944326 -0.420877
v -0.928670 5.041847 -0.374877
v -0.860151 5.041847 -0.432377
v -0.804211 5.107018 -0.352477
v -0.804211 5.107018 -0.352477
v -0.859711 5.107018 -0.305877
v -0.928670 5.041847 -0.374877
v -0.859711 5.107018 -0.305877
v -0.804211 5.107018 -0.352477
v -0.738231 5.129898 -0.258177
v -0.738231 5.129898 -0.258177
v -0.778370 5.129898 -0.224577
v -0.859711 5.107018 -0.305877
v -0.803091 5.129898 -0.196577
v -0.778370 5.129898 -0.224577
v -0.565812 5.129898 -0.011976
v -0.828590 5.129898 -0.157977
v -0.803091 5.129898 -0.196577
v -0.565812 5.129898 -0.011976
v -0.850991 5.129898 -0.107077
v -0.828590 5.129898 -0.157977
v -0.565812 5.129898 -0.011976
v -0.864582 5.129898 -0.045177
v -0.850991 5.129898 -0.107077
v -0.565812 5.129898 -0.011976
v -0.864582 5.129898 0.021223
v -0.864582 5.129898 -0.045177
v -0.565812 5.129898 -0.011976
v -0.850992 5.129898 0.083123
v -0.864582 5.129898 0.021223
v -0.565812 5.129898 -0.011976
v -0.828590 5.129898 0.134022
v -0.850992 5.129898 0.083123
v -0.565812 5.129898 -0.011976
v -0.803091 5.129898 0.172622
v -0.828590 5.129898 0.134022
v -0.565812 5.129898 -0.011976
v -0.778370 5.129898 0.200623
v -0.803091 5.129898 0.172622
v -0.565812 5.129898 -0.011976
v -0.750360 5.129898 0.225322
v -0.778370 5.129898 0.200623
v -0.565812 5.129898 -0.011976
v -0.711801 5.129898 0.250823
v -0.750360 5.129898 0.225322
v -0.565812 5.129898 -0.011976
v -0.660871 5.129898 0.273224
v -0.711801 5.129898 0.250823
v -0.565812 5.129898 -0.011976
v -0.599010 5.129898 0.286824
v -0.660871 5.129898 0.273224
v -0.565812 5.129898 -0.011976
v -0.532610 5.129898 0.286824
v -0.599010 5.129898 0.286824
v -0.565812 5.129898 -0.011976
v -0.470752 5.129898 0.273224
v -0.532610 5.129898 0.286824
v -0.565812 5.129898 -0.011976
v -0.419822 5.129898 0.250823
v -0.470752 5.129898 0.273224
v -0.565812 5.129898 -0.011976
v -0.381260 5.129898 0.225322
v -0.419822 5.129898 0.250823
v -0.565812 5.129898 -0.011976
v -0.353251 5.129898 0.200624
v -0.381260 5.129898 0.225322
v -0.565812 5.129898 -0.011976
v -0.328532 5.129898 0.172622
v -0.353251 5.129898 0.200624
v -0.565812 5.129898 -0.011976
v -0.303030 5.129898 0.134022
v -0.328532 5.129898 0.172622
v -0.565812 5.129898 -0.011976
v -0.280631 5.129898 0.083123
v -0.303030 5.129898 0.134022
v -0.565812 5.129898 -0.011976
v -0.267042 5.129898 0.021224
v -0.280631 5.129898 0.083123
v -0.565812 5.129898 -0.011976
v -0.267042 5.129898 -0.045177
v -0.267042 5.129898 0.021224
v -0.565812 5.129898 -0.011976
v -0.280631 5.129898 -0.107076
v -0.267042 5.129898 -0.045177
v -0.565812 5.129898 -0.011976
v -0.303030 5.129898 -0.157976
v -0.280631 5.129898 -0.107076
v -0.565812 5.129898 -0.011976
v -0.328531 5.129898 -0.196576
v -0.303030 5.129898 -0.157976
v -0.565812 5.129898 -0.011976
v -0.353251 5.129898 -0.224576
v -0.328531 5.129898 -0.196576
v -0.565812 5.129898 -0.011976
v -0.393391 5.129898 -0.258177
v -0.353251 5.129898 -0.224576
v -0.565812 5.129898 -0.011976
v -0.438771 5.129898 -0.284376
v -0.393391 5.129898 -0.258177
v -0.565812 5.129898 -0.011976
v -0.488010 5.129898 -0.302377
v -0.438771 5.129898 -0.284376
v -0.565812 5.129898 -0.011976
v -0.539610 5.129898 -0.311476
v -0.488010 5.129898 -0.302377
v -0.565812 5.129898 -0.011976
v -0.592010 5.129898 -0.311476
v -0.539610 5.129898 -0.311476
v -0.565812 5.129898 -0.011976
v -0.643610 5.129898 -0.302377
v -0.592010 5.129898 -0.311476
v -0.565812 5.129898 -0.011976
v -0.692851 5.129898 -0.284376
v -0.643610 5.129898 -0.302377
v -0.565812 5.129898 -0.011976
v -0.738231 5.129898 -0.258177
v -0.692851 5.129898 -0.284376
v -0.565812 5.129898 -0.011976
v -0.778370 5.129898 -0.224577
v -0.738231 5.129898 -0.258177
v -0.565812 5.129898 -0.011976
v -0.319571 3.927467 0.160424
v -0.353251 3.927467 0.200624
v -0.271912 3.950357 0.281924
v -0.271912 3.950357 0.281924
v -0.225332 3.950357 0.226423
v -0.319571 3.927467 0.160424
v -0.225332 3.950357 0.226423
v -0.271912 3.950357 0.281924
v -0.202950 4.015518 0.350924
v -0.202950 4.015518 0.350924
v -0.145451 4.015518 0.282324
v -0.225332 3.950357 0.226423
v -0.145451 4.015518 0.282324
v -0.202950 4.015518 0.350924
v -0.156870 4.113038 0.396924
v -0.156870 4.113038 0.396924
v -0.092071 4.113038 0.319724
v -0.145451 4.015518 0.282324
v -0.092071 4.113038 0.319724
v -0.156870 4.113038 0.396924
v -0.140692 4.228077 0.413124
v -0.140692 4.228077 0.413124
v -0.073330 4.228077 0.332824
v -0.092071 4.113038 0.319724
v -0.073330 4.228077 0.332824
v -0.140692 4.228077 0.413124
v -0.140692 4.829288 0.413124
v -0.140692 4.829288 0.413124
v -0.073330 4.829288 0.332824
v -0.073330 4.228077 0.332824
v -0.073330 4.829288 0.332824
v -0.140692 4.829288 0.413124
v -0.156870 4.944326 0.396924
v -0.156870 4.944326 0.396924
v -0.092071 4.944326 0.319724
v -0.073330 4.829288 0.332824
v -0.092071 4.944326 0.319724
v -0.156870 4.944326 0.396924
v -0.202950 5.041847 0.350924
v -0.202950 5.041847 0.350924
v -0.145451 5.041847 0.282324
v -0.092071 4.944326 0.319724
v -0.145451 5.041847 0.282324
v -0.202950 5.041847 0.350924
v -0.271912 5.107018 0.281924
v -0.271912 5.107018 0.281924
v -0.225332 5.107018 0.226423
v -0.145451 5.041847 0.282324
v -0.225332 5.107018 0.226423
v -0.271912 5.107018 0.281924
v -0.353251 5.129898 0.200624
v -0.353251 5.129898 0.200624
v -0.328532 5.129898 0.172622
v -0.225332 5.107018 0.226423
v -0.293372 3.927467 0.115024
v -0.319571 3.927467 0.160424
v -0.225332 3.950357 0.226423
v -0.225332 3.950357 0.226423
v -0.189112 3.950357 0.163723
v -0.293372 3.927467 0.115024
v -0.189112 3.950357 0.163723
v -0.225332 3.950357 0.226423
v -0.145451 4.015518 0.282324
v -0.145451 4.015518 0.282324
v -0.100720 4.015518 0.204922
v -0.189112 3.950357 0.163723
v -0.100720 4.015518 0.204922
v -0.145451 4.015518 0.282324
v -0.092071 4.113038 0.319724
v -0.092071 4.113038 0.319724
v -0.041662 4.113038 0.232424
v -0.100720 4.015518 0.204922
v -0.041662 4.113038 0.232424
v -0.092071 4.113038 0.319724
v -0.073330 4.228077 0.332824
v -0.073330 4.228077 0.332824
v -0.020932 4.228077 0.242124
v -0.041662 4.113038 0.232424
v -0.020932 4.228077 0.242124
v -0.073330 4.228077 0.332824
v -0.073330 4.829288 0.332824
v -0.073330 4.829288 0.332824
v -0.020932 4.829288 0.242124
v -0.020932 4.228077 0.242124
v -0.020932 4.829288 0.242124
v -0.073330 4.829288 0.332824
v -0.092071 4.944326 0.319724
v -0.092071 4.944326 0.319724
v -0.041662 4.944326 0.232424
v -0.020932 4.829288 0.242124
v -0.041662 4.944326 0.232424
v -0.092071 4.944326 0.319724
v -0.145451 5.041847 0.282324
v -0.145451 5.041847 0.282324
v -0.100720 5.041847 0.204922
v -0.041662 4.944326 0.232424
v -0.100720 5.041847 0.204922
v -0.145451 5.041847 0.282324
v -0.225332 5.107018 0.226423
v -0.225332 5.107018 0.226423
v -0.189112 5.107018 0.163723
v -0.100720 5.041847 0.204922
v -0.189112 5.107018 0.163723
v -0.225332 5.107018 0.226423
v -0.328532 5.129898 0.172622
v -0.328532 5.129898 0.172622
v -0.303030 5.129898 0.134022
v -0.189112 5.107018 0.163723
v -0.275452 3.927467 0.065824
v -0.293372 3.927467 0.115024
v -0.189112 3.950357 0.163723
v -0.189112 3.950357 0.163723
v -0.164330 3.950357 0.095623
v -0.275452 3.927467 0.065824
v -0.164330 3.950357 0.095623
v -0.189112 3.950357 0.163723
v -0.100720 4.015518 0.204922
v -0.100720 4.015518 0.204922
v -0.070132 4.015518 0.120824
v -0.164330 3.950357 0.095623
v -0.070132 4.015518 0.120824
v -0.100720 4.015518 0.204922
v -0.041662 4.113038 0.232424
v -0.041662 4.113038 0.232424
v -0.007192 4.113038 0.137723
v -0.070132 4.015518 0.120824
v -0.007192 4.113038 0.137723
v -0.041662 4.113038 0.232424
v -0.020932 4.228077 0.242124
v -0.020932 4.228077 0.242124
v 0.014918 4.228077 0.143624
v -0.007192 4.113038 0.137723
v 0.014918 4.228077 0.143624
v -0.020932 4.228077 0.242124
v -0.020932 4.829288 0.242124
v -0.020932 4.829288 0.242124
v 0.014918 4.829288 0.143624
v 0.014918 4.228077 0.143624
v 0.014918 4.829288 0.143624
v -0.020932 4.829288 0.242124
v -0.041662 4.944326 0.232424
v -0.041662 4.944326 0.232424
v -0.007192 4.944326 0.137723
v 0.014918 4.829288 0.143624
v -0.007192 4.944326 0.137723
v -0.041662 4.944326 0.232424
v -0.100720 5.041847 0.204922
v -0.100720 5.041847 0.204922
v -0.070132 5.041847 0.120824
v -0.007192 4.944326 0.137723
v -0.070132 5.041847 0.120824
v -0.100720 5.041847 0.204922
v -0.189112 5.107018 0.163723
v -0.189112 5.107018 0.163723
v -0.164330 5.107018 0.095623
v -0.070132 5.041847 0.120824
v -0.164330 5.107018 0.095623
v -0.189112 5.107018 0.163723
v -0.303030 5.129898 0.134022
v -0.303030 5.129898 0.134022
v -0.280631 5.129898 0.083123
v -0.164330 5.107018 0.095623
v -0.266352 3.927467 0.014224
v -0.275452 3.927467 0.065824
v -0.164330 3.950357 0.095623
v -0.164330 3.950357 0.095623
v -0.151751 3.950357 0.024224
v -0.266352 3.927467 0.014224
v -0.151751 3.950357 0.024224
v -0.164330 3.950357 0.095623
v -0.070132 4.015518 0.120824
v -0.070132 4.015518 0.120824
v -0.054602 4.015518 0.032723
v -0.151751 3.950357 0.024224
v -0.054602 4.015518 0.032723
v -0.070132 4.015518 0.120824
v -0.007192 4.113038 0.137723
v -0.007192 4.113038 0.137723
v 0.010318 4.113038 0.038424
v -0.054602 4.015518 0.032723
v 0.010318 4.113038 0.038424
v -0.007192 4.113038 0.137723
v 0.014918 4.228077 0.143624
v 0.014918 4.228077 0.143624
v 0.033108 4.228077 0.040424
v 0.010318 4.113038 0.038424
v 0.033108 4.228077 0.040424
v 0.014918 4.228077 0.143624
v 0.014918 4.829288 0.143624
v 0.014918 4.829288 0.143624
v 0.033108 4.829288 0.040424
v 0.033108 4.228077 0.040424
v 0.033108 4.829288 0.040424
v 0.014918 4.829288 0.143624
v -0.007192 4.944326 0.137723
v -0.007192 4.944326 0.137723
v 0.010318 4.944326 0.038424
v 0.033108 4.829288 0.040424
v 0.010318 4.944326 0.038424
v -0.007192 4.944326 0.137723
v -0.070132 5.041847 0.120824
v -0.070132 5.041847 0.120824
v -0.054602 5.041847 0.032723
v 0.010318 4.944326 0.038424
v -0.054602 5.041847 0.032723
v -0.070132 5.041847 0.120824
v -0.164330 5.107018 0.095623
v -0.164330 5.107018 0.095623
v -0.151751 5.107018 0.024224
v -0.054602 5.041847 0.032723
v -0.151751 5.107018 0.024224
v -0.164330 5.107018 0.095623
v -0.280631 5.129898 0.083123
v -0.280631 5.129898 0.083123
v -0.267042 5.129898 0.021224
v -0.151751 5.107018 0.024224
v -0.266352 3.927467 -0.038177
v -0.266352 3.927467 0.014224
v -0.151751 3.950357 0.024224
v -0.151751 3.950357 0.024224
v -0.151751 3.950357 -0.048177
v -0.266352 3.927467 -0.038177
v -0.151751 3.950357 -0.048177
v -0.151751 3.950357 0.024224
v -0.054602 4.015518 0.032723
v -0.054602 4.015518 0.032723
v -0.054602 4.015518 -0.056676
v -0.151751 3.950357 -0.048177
v -0.054602 4.015518 -0.056676
v -0.054602 4.015518 0.032723
v 0.010318 4.113038 0.038424
v 0.010318 4.113038 0.038424
v 0.010318 4.113038 -0.062377
v -0.054602 4.015518 -0.056676
v 0.010318 4.113038 -0.062377
v 0.010318 4.113038 0.038424
v 0.033108 4.228077 0.040424
v 0.033108 4.228077 0.040424
v 0.033108 4.228077 -0.064376
v 0.010318 4.113038 -0.062377
v 0.033108 4.228077 -0.064376
v 0.033108 4.228077 0.040424
v 0.033108 4.829288 0.040424
v 0.033108 4.829288 0.040424
v 0.033108 4.829288 -0.064376
v 0.033108 4.228077 -0.064376
v 0.033108 4.829288 -0.064376
v 0.033108 4.829288 0.040424
v 0.010318 4.944326 0.038424
v 0.010318 4.944326 0.038424
v 0.010318 4.944326 -0.062377
v 0.033108 4.829288 -0.064376
v 0.010318 4.944326 -0.062377
v 0.010318 4.944326 0.038424
v -0.054602 5.041847 0.032723
v -0.054602 5.041847 0.032723
v -0.054602 5.041847 -0.056676
v 0.010318 4.944326 -0.062377
v -0.054602 5.041847 -0.056676
v -0.054602 5.041847 0.032723
v -0.151751 5.107018 0.024224
v -0.151751 5.107018 0.024224
v -0.151751 5.107018 -0.048177
v -0.054602 5.041847 -0.056676
v -0.151751 5.107018 -0.048177
v -0.151751 5.107018 0.024224
v -0.267042 5.129898 0.021224
v -0.267042 5.129898 0.021224
v -0.267042 5.129898 -0.045177
v -0.151751 5.107018 -0.048177
v -0.275451 3.927467 -0.089777
v -0.266352 3.927467 -0.038177
v -0.151751 3.950357 -0.048177
v -0.151751 3.950357 -0.048177
v -0.164330 3.950357 -0.119576
v -0.275451 3.927467 -0.089777
v -0.164330 3.950357 -0.119576
v -0.151751 3.950357 -0.048177
v -0.054602 4.015518 -0.056676
v -0.054602 4.015518 -0.056676
v -0.070131 4.015518 -0.144778
v -0.164330 3.950357 -0.119576
v -0.070131 4.015518 -0.144778
v -0.054602 4.015518 -0.056676
v 0.010318 4.113038 -0.062377
v 0.010318 4.113038 -0.062377
v -0.007191 4.113038 -0.161676
v -0.070131 4.015518 -0.144778
v -0.007191 4.113038 -0.161676
v 0.010318 4.113038 -0.062377
v 0.033108 4.228077 -0.064376
v 0.033108 4.228077 -0.064376
v 0.014919 4.228077 -0.167577
v -0.007191 4.113038 -0.161676
v 0.014919 4.228077 -0.167577
v 0.033108 4.228077 -0.064376
v 0.033108 4.829288 -0.064376
v 0.033108 4.829288 -0.064376
v 0.014919 4.829288 -0.167577
v 0.014919 4.228077 -0.167577
v 0.014919 4.829288 -0.167577
v 0.033108 4.829288 -0.064376
v 0.010318 4.944326 -0.062377
v 0.010318 4.944326 -0.062377
v -0.007191 4.944326 -0.161676
v 0.014919 4.829288 -0.167577
v -0.007191 4.944326 -0.161676
v 0.010318 4.944326 -0.062377
v -0.054602 5.041847 -0.056676
v -0.054602 5.041847 -0.056676
v -0.070131 5.041847 -0.144778
v -0.007191 4.944326 -0.161676
v -0.070131 5.041847 -0.144778
v -0.054602 5.041847 -0.056676
v -0.151751 5.107018 -0.048177
v -0.151751 5.107018 -0.048177
v -0.164330 5.107018 -0.119576
v -0.070131 5.041847 -0.144778
v -0.164330 5.107018 -0.119576
v -0.151751 5.107018 -0.048177
v -0.267042 5.129898 -0.045177
v -0.267042 5.129898 -0.045177
v -0.280631 5.129898 -0.107076
v -0.164330 5.107018 -0.119576
v -0.293371 3.927467 -0.138977
v -0.275451 3.927467 -0.089777
v -0.164330 3.950357 -0.119576
v -0.164330 3.950357 -0.119576
v -0.189111 3.950357 -0.187676
v -0.293371 3.927467 -0.138977
v -0.189111 3.950357 -0.187676
v -0.164330 3.950357 -0.119576
v -0.070131 4.015518 -0.144778
v -0.070131 4.015518 -0.144778
v -0.100720 4.015518 -0.228877
v -0.189111 3.950357 -0.187676
v -0.100720 4.015518 -0.228877
v -0.070131 4.015518 -0.144778
v -0.007191 4.113038 -0.161676
v -0.007191 4.113038 -0.161676
v -0.041661 4.113038 -0.256377
v -0.100720 4.015518 -0.228877
v -0.041661 4.113038 -0.256377
v -0.007191 4.113038 -0.161676
v 0.014919 4.228077 -0.167577
v 0.014919 4.228077 -0.167577
v -0.020931 4.228077 -0.266077
v -0.041661 4.113038 -0.256377
v -0.020931 4.228077 -0.266077
v 0.014919 4.228077 -0.167577
v 0.014919 4.829288 -0.167577
v 0.014919 4.829288 -0.167577
v -0.020931 4.829288 -0.266077
v -0.020931 4.228077 -0.266077
v -0.020931 4.829288 -0.266077
v 0.014919 4.829288 -0.167577
v -0.007191 4.944326 -0.161676
v -0.007191 4.944326 -0.161676
v -0.041661 4.944326 -0.256377
v -0.020931 4.829288 -0.266077
v -0.041661 4.944326 -0.256377
v -0.007191 4.944326 -0.161676
v -0.070131 5.041847 -0.144778
v -0.070131 5.041847 -0.144778
v -0.100720 5.041847 -0.228877
v -0.041661 4.944326 -0.256377
v -0.100720 5.041847 -0.228877
v -0.070131 5.041847 -0.144778
v -0.164330 5.107018 -0.119576
v -0.164330 5.107018 -0.119576
v -0.189111 5.107018 -0.187676
v -0.100720 5.041847 -0.228877
v -0.189111 5.107018 -0.187676
v -0.164330 5.107018 -0.119576
v -0.280631 5.129898 -0.107076
v -0.280631 5.129898 -0.107076
v -0.303030 5.129898 -0.157976
v -0.189111 5.107018 -0.187676
v -0.319571 3.927467 -0.184376
v -0.293371 3.927467 -0.138977
v -0.189111 3.950357 -0.187676
v -0.189111 3.950357 -0.187676
v -0.225331 3.950357 -0.250376
v -0.319571 3.927467 -0.184376
v -0.225331 3.950357 -0.250376
v -0.189111 3.950357 -0.187676
v -0.100720 4.015518 -0.228877
v -0.100720 4.015518 -0.228877
v -0.145451 4.015518 -0.306278
v -0.225331 3.950357 -0.250376
v -0.145451 4.015518 -0.306278
v -0.100720 4.015518 -0.228877
v -0.041661 4.113038 -0.256377
v -0.041661 4.113038 -0.256377
v -0.092071 4.113038 -0.343677
v -0.145451 4.015518 -0.306278
v -0.092071 4.113038 -0.343677
v -0.041661 4.113038 -0.256377
v -0.020931 4.228077 -0.266077
v -0.020931 4.228077 -0.266077
v -0.073330 4.228077 -0.356776
v -0.092071 4.113038 -0.343677
v -0.073330 4.228077 -0.356776
v -0.020931 4.228077 -0.266077
v -0.020931 4.829288 -0.266077
v -0.020931 4.829288 -0.266077
v -0.073330 4.829288 -0.356776
v -0.073330 4.228077 -0.356776
v -0.073330 4.829288 -0.356776
v -0.020931 4.829288 -0.266077
v -0.041661 4.944326 -0.256377
v -0.041661 4.944326 -0.256377
v -0.092071 4.944326 -0.343677
v -0.073330 4.829288 -0.356776
v -0.092071 4.944326 -0.343677
v -0.041661 4.944326 -0.256377
v -0.100720 5.041847 -0.228877
v -0.100720 5.041847 -0.228877
v -0.145451 5.041847 -0.306278
v -0.092071 4.944326 -0.343677
v -0.145451 5.041847 -0.306278
v -0.100720 5.041847 -0.228877
v -0.189111 5.107018 -0.187676
v -0.189111 5.107018 -0.187676
v -0.225331 5.107018 -0.250376
v -0.145451 5.041847 -0.306278
v -0.225331 5.107018 -0.250376
v -0.189111 5.107018 -0.187676
v -0.303030 5.129898 -0.157976
v -0.303030 5.129898 -0.157976
v -0.328531 5.129898 -0.196576
v -0.225331 5.107018 -0.250376
v -0.353251 3.927467 -0.224576
v -0.319571 3.927467 -0.184376
v -0.225331 3.950357 -0.250376
v -0.225331 3.950357 -0.250376
v -0.271911 3.950357 -0.305876
v -0.353251 3.927467 -0.224576
v -0.271911 3.950357 -0.305876
v -0.225331 3.950357 -0.250376
v -0.145451 4.015518 -0.306278
v -0.145451 4.015518 -0.306278
v -0.202950 4.015518 -0.374877
v -0.271911 3.950357 -0.305876
v -0.202950 4.015518 -0.374877
v -0.145451 4.015518 -0.306278
v -0.092071 4.113038 -0.343677
v -0.092071 4.113038 -0.343677
v -0.156870 4.113038 -0.420877
v -0.202950 4.015518 -0.374877
v -0.156870 4.113038 -0.420877
v -0.092071 4.113038 -0.343677
v -0.073330 4.228077 -0.356776
v -0.073330 4.228077 -0.356776
v -0.140691 4.228077 -0.437077
v -0.156870 4.113038 -0.420877
v -0.140691 4.228077 -0.437077
v -0.073330 4.228077 -0.356776
v -0.073330 4.829288 -0.356776
v -0.073330 4.829288 -0.356776
v -0.140691 4.829288 -0.437077
v -0.140691 4.228077 -0.437077
v -0.140691 4.829288 -0.437077
v -0.073330 4.829288 -0.356776
v -0.092071 4.944326 -0.343677
v -0.092071 4.944326 -0.343677
v -0.156870 4.944326 -0.420877
v -0.140691 4.829288 -0.437077
v -0.156870 4.944326 -0.420877
v -0.092071 4.944326 -0.343677
v -0.145451 5.041847 -0.306278
v -0.145451 5.041847 -0.306278
v -0.202950 5.041847 -0.374877
v -0.156870 4.944326 -0.420877
v -0.202950 5.041847 -0.374877
v -0.145451 5.041847 -0.306278
v -0.225331 5.107018 -0.250376
v -0.225331 5.107018 -0.250376
v -0.271911 5.107018 -0.305876
v -0.202950 5.041847 -0.374877
v -0.271911 5.107018 -0.305876
v -0.225331 5.107018 -0.250376
v -0.328531 5.129898 -0.196576
v -0.328531 5.129898 -0.196576
v -0.353251 5.129898 -0.224576
v -0.271911 5.107018 -0.305876
v -0.738232 3.927467 0.234224
v -0.778370 3.927467 0.200623
v -0.859712 3.950357 0.281923
v -0.859712 3.950357 0.281923
v -0.804212 3.950357 0.328522
v -0.738232 3.927467 0.234224
v -0.804212 3.950357 0.328522
v -0.859712 3.950357 0.281923
v -0.928670 4.015518 0.350923
v -0.928670 4.015518 0.350923
v -0.860152 4.015517 0.408423
v -0.804212 3.950357 0.328522
v -0.860152 4.015517 0.408423
v -0.928670 4.015518 0.350923
v -0.974751 4.113038 0.396923
v -0.974751 4.113038 0.396923
v -0.897531 4.113038 0.461723
v -0.860152 4.015517 0.408423
v -0.897531 4.113038 0.461723
v -0.974751 4.113038 0.396923
v -0.990931 4.228077 0.413123
v -0.990931 4.228077 0.413123
v -0.910652 4.228077 0.480523
v -0.897531 4.113038 0.461723
v -0.910652 4.228077 0.480523
v -0.990931 4.228077 0.413123
v -0.990931 4.829288 0.413123
v -0.990931 4.829288 0.413123
v -0.910652 4.829288 0.480523
v -0.910652 4.228077 0.480523
v -0.910652 4.829288 0.480523
v -0.990931 4.829288 0.413123
v -0.974751 4.944326 0.396923
v -0.974751 4.944326 0.396923
v -0.897531 4.944326 0.461723
v -0.910652 4.829288 0.480523
v -0.897531 4.944326 0.461723
v -0.974751 4.944326 0.396923
v -0.928670 5.041847 0.350923
v -0.928670 5.041847 0.350923
v -0.860152 5.041847 0.408423
v -0.897531 4.944326 0.461723
v -0.860152 5.041847 0.408423
v -0.928670 5.041847 0.350923
v -0.859712 5.107018 0.281923
v -0.859712 5.107018 0.281923
v -0.804212 5.107018 0.328522
v -0.860152 5.041847 0.408423
v -0.804212 5.107018 0.328522
v -0.859712 5.107018 0.281923
v -0.778370 5.129898 0.200623
v -0.778370 5.129898 0.200623
v -0.750360 5.129898 0.225322
v -0.804212 5.107018 0.328522
v -0.692851 3.927467 0.260422
v -0.738232 3.927467 0.234224
v -0.804212 3.950357 0.328522
v -0.804212 3.950357 0.328522
v -0.741472 3.950357 0.364723
v -0.692851 3.927467 0.260422
v -0.741472 3.950357 0.364723
v -0.804212 3.950357 0.328522
v -0.860152 4.015517 0.408423
v -0.860152 4.015517 0.408423
v -0.782681 4.015517 0.453123
v -0.741472 3.950357 0.364723
v -0.782681 4.015517 0.453123
v -0.860152 4.015517 0.408423
v -0.897531 4.113038 0.461723
v -0.897531 4.113038 0.461723
v -0.810222 4.113038 0.512123
v -0.782681 4.015517 0.453123
v -0.810222 4.113038 0.512123
v -0.897531 4.113038 0.461723
v -0.910652 4.228077 0.480523
v -0.910652 4.228077 0.480523
v -0.819890 4.228077 0.532922
v -0.810222 4.113038 0.512123
v -0.819890 4.228077 0.532922
v -0.910652 4.228077 0.480523
v -0.910652 4.829288 0.480523
v -0.910652 4.829288 0.480523
v -0.819890 4.829288 0.532922
v -0.819890 4.228077 0.532922
v -0.819890 4.829288 0.532922
v -0.910652 4.829288 0.480523
v -0.897531 4.944326 0.461723
v -0.897531 4.944326 0.461723
v -0.810222 4.944326 0.512123
v -0.819890 4.829288 0.532922
v -0.810222 4.944326 0.512123
v -0.897531 4.944326 0.461723
v -0.860152 5.041847 0.408423
v -0.860152 5.041847 0.408423
v -0.782681 5.041847 0.453123
v -0.810222 4.944326 0.512123
v -0.782681 5.041847 0.453123
v -0.860152 5.041847 0.408423
v -0.804212 5.107018 0.328522
v -0.804212 5.107018 0.328522
v -0.741472 5.107018 0.364723
v -0.782681 5.041847 0.453123
v -0.741472 5.107018 0.364723
v -0.804212 5.107018 0.328522
v -0.750360 5.129898 0.225322
v -0.750360 5.129898 0.225322
v -0.711801 5.129898 0.250823
v -0.741472 5.107018 0.364723
v -0.643610 3.927467 0.278424
v -0.692851 3.927467 0.260422
v -0.741472 3.950357 0.364723
v -0.741472 3.950357 0.364723
v -0.673390 3.950357 0.389524
v -0.643610 3.927467 0.278424
v -0.673390 3.950357 0.389524
v -0.741472 3.950357 0.364723
v -0.782681 4.015517 0.453123
v -0.782681 4.015517 0.453123
v -0.698632 4.015517 0.483722
v -0.673390 3.950357 0.389524
v -0.698632 4.015517 0.483722
v -0.782681 4.015517 0.453123
v -0.810222 4.113038 0.512123
v -0.810222 4.113038 0.512123
v -0.715492 4.113038 0.546623
v -0.698632 4.015517 0.483722
v -0.715492 4.113038 0.546623
v -0.810222 4.113038 0.512123
v -0.819890 4.228077 0.532922
v -0.819890 4.228077 0.532922
v -0.721422 4.228077 0.568722
v -0.715492 4.113038 0.546623
v -0.721422 4.228077 0.568722
v -0.819890 4.228077 0.532922
v -0.819890 4.829288 0.532922
v -0.819890 4.829288 0.532922
v -0.721422 4.829288 0.568722
v -0.721422 4.228077 0.568722
v -0.721422 4.829288 0.568722
v -0.819890 4.829288 0.532922
v -0.810222 4.944326 0.512123
v -0.810222 4.944326 0.512123
v -0.715492 4.944326 0.546623
v -0.721422 4.829288 0.568722
v -0.715492 4.944326 0.546623
v -0.810222 4.944326 0.512123
v -0.782681 5.041847 0.453123
v -0.782681 5.041847 0.453123
v -0.698632 5.041847 0.483722
v -0.715492 4.944326 0.546623
v -0.698632 5.041847 0.483722
v -0.782681 5.041847 0.453123
v -0.741472 5.107018 0.364723
v -0.741472 5.107018 0.364723
v -0.673390 5.107018 0.389524
v -0.698632 5.041847 0.483722
v -0.673390 5.107018 0.389524
v -0.741472 5.107018 0.364723
v -0.711801 5.129898 0.250823
v -0.711801 5.129898 0.250823
v -0.660871 5.129898 0.273224
v -0.673390 5.107018 0.389524
v -0.592010 3.927467 0.287524
v -0.643610 3.927467 0.278424
v -0.673390 3.950357 0.389524
v -0.673390 3.950357 0.389524
v -0.602042 3.950357 0.402123
v -0.592010 3.927467 0.287524
v -0.602042 3.950357 0.402123
v -0.673390 3.950357 0.389524
v -0.698632 4.015517 0.483722
v -0.698632 4.015517 0.483722
v -0.610540 4.015517 0.499223
v -0.602042 3.950357 0.402123
v -0.610540 4.015517 0.499223
v -0.698632 4.015517 0.483722
v -0.715492 4.113038 0.546623
v -0.715492 4.113038 0.546623
v -0.616210 4.113038 0.564124
v -0.610540 4.015517 0.499223
v -0.616210 4.113038 0.564124
v -0.715492 4.113038 0.546623
v -0.721422 4.228077 0.568722
v -0.721422 4.228077 0.568722
v -0.618212 4.228077 0.586924
v -0.616210 4.113038 0.564124
v -0.618212 4.228077 0.586924
v -0.721422 4.228077 0.568722
v -0.721422 4.829288 0.568722
v -0.721422 4.829288 0.568722
v -0.618212 4.829288 0.586924
v -0.618212 4.228077 0.586924
v -0.618212 4.829288 0.586924
v -0.721422 4.829288 0.568722
v -0.715492 4.944326 0.546623
v -0.715492 4.944326 0.546623
v -0.616210 4.944326 0.564124
v -0.618212 4.829288 0.586924
v -0.616210 4.944326 0.564124
v -0.715492 4.944326 0.546623
v -0.698632 5.041847 0.483722
v -0.698632 5.041847 0.483722
v -0.610540 5.041847 0.499223
v -0.616210 4.944326 0.564124
v -0.610540 5.041847 0.499223
v -0.698632 5.041847 0.483722
v -0.673390 5.107018 0.389524
v -0.673390 5.107018 0.389524
v -0.602042 5.107018 0.402123
v -0.610540 5.041847 0.499223
v -0.602042 5.107018 0.402123
v -0.673390 5.107018 0.389524
v -0.660871 5.129898 0.273224
v -0.660871 5.129898 0.273224
v -0.599010 5.129898 0.286824
v -0.602042 5.107018 0.402123
v -0.539610 3.927467 0.287524
v -0.592010 3.927467 0.287524
v -0.602042 3.950357 0.402123
v -0.602042 3.950357 0.402123
v -0.529581 3.950357 0.402123
v -0.539610 3.927467 0.287524
v -0.529581 3.950357 0.402123
v -0.602042 3.950357 0.402123
v -0.610540 4.015517 0.499223
v -0.610540 4.015517 0.499223
v -0.521080 4.015517 0.499223
v -0.529581 3.950357 0.402123
v -0.521080 4.015517 0.499223
v -0.610540 4.015517 0.499223
v -0.616210 4.113038 0.564124
v -0.616210 4.113038 0.564124
v -0.515400 4.113038 0.564124
v -0.521080 4.015517 0.499223
v -0.515400 4.113038 0.564124
v -0.616210 4.113038 0.564124
v -0.618212 4.228077 0.586924
v -0.618212 4.228077 0.586924
v -0.513411 4.228077 0.586924
v -0.515400 4.113038 0.564124
v -0.513411 4.228077 0.586924
v -0.618212 4.228077 0.586924
v -0.618212 4.829288 0.586924
v -0.618212 4.829288 0.586924
v -0.513411 4.829288 0.586924
v -0.513411 4.228077 0.586924
v -0.513411 4.829288 0.586924
v -0.618212 4.829288 0.586924
v -0.616210 4.944326 0.564124
v -0.616210 4.944326 0.564124
v -0.515400 4.944326 0.564124
v -0.513411 4.829288 0.586924
v -0.515400 4.944326 0.564124
v -0.616210 4.944326 0.564124
v -0.610540 5.041847 0.499223
v -0.610540 5.041847 0.499223
v -0.521080 5.041847 0.499223
v -0.515400 4.944326 0.564124
v -0.521080 5.041847 0.499223
v -0.610540 5.041847 0.499223
v -0.602042 5.107018 0.402123
v -0.602042 5.107018 0.402123
v -0.529581 5.107018 0.402123
v -0.521080 5.041847 0.499223
v -0.529581 5.107018 0.402123
v -0.602042 5.107018 0.402123
v -0.599010 5.129898 0.286824
v -0.599010 5.129898 0.286824
v -0.532610 5.129898 0.286824
v -0.529581 5.107018 0.402123
v -0.488010 3.927467 0.278424
v -0.539610 3.927467 0.287524
v -0.529581 3.950357 0.402123
v -0.529581 3.950357 0.402123
v -0.458230 3.950357 0.389524
v -0.488010 3.927467 0.278424
v -0.458230 3.950357 0.389524
v -0.529581 3.950357 0.402123
v -0.521080 4.015517 0.499223
v -0.521080 4.015517 0.499223
v -0.432991 4.015517 0.483722
v -0.458230 3.950357 0.389524
v -0.432991 4.015517 0.483722
v -0.521080 4.015517 0.499223
v -0.515400 4.113038 0.564124
v -0.515400 4.113038 0.564124
v -0.416131 4.113038 0.546623
v -0.432991 4.015517 0.483722
v -0.416131 4.113038 0.546623
v -0.515400 4.113038 0.564124
v -0.513411 4.228077 0.586924
v -0.513411 4.228077 0.586924
v -0.410201 4.228077 0.568722
v -0.416131 4.113038 0.546623
v -0.410201 4.228077 0.568722
v -0.513411 4.228077 0.586924
v -0.513411 4.829288 0.586924
v -0.513411 4.829288 0.586924
v -0.410201 4.829288 0.568722
v -0.410201 4.228077 0.568722
v -0.410201 4.829288 0.568722
v -0.513411 4.829288 0.586924
v -0.515400 4.944326 0.564124
v -0.515400 4.944326 0.564124
v -0.416131 4.944326 0.546623
v -0.410201 4.829288 0.568722
v -0.416131 4.944326 0.546623
v -0.515400 4.944326 0.564124
v -0.521080 5.041847 0.499223
v -0.521080 5.041847 0.499223
v -0.432991 5.041847 0.483722
v -0.416131 4.944326 0.546623
v -0.432991 5.041847 0.483722
v -0.521080 5.041847 0.499223
v -0.529581 5.107018 0.402123
v -0.529581 5.107018 0.402123
v -0.458230 5.107018 0.389524
v -0.432991 5.041847 0.483722
v -0.458230 5.107018 0.389524
v -0.529581 5.107018 0.402123
v -0.532610 5.129898 0.286824
v -0.532610 5.129898 0.286824
v -0.470752 5.129898 0.273224
v -0.458230 5.107018 0.389524
v -0.438772 3.927467 0.260422
v -0.488010 3.927467 0.278424
v -0.458230 3.950357 0.389524
v -0.458230 3.950357 0.389524
v -0.390151 3.950357 0.364723
v -0.438772 3.927467 0.260422
v -0.390151 3.950357 0.364723
v -0.458230 3.950357 0.389524
v -0.432991 4.015517 0.483722
v -0.432991 4.015517 0.483722
v -0.348940 4.015517 0.453124
v -0.390151 3.950357 0.364723
v -0.348940 4.015517 0.453124
v -0.432991 4.015517 0.483722
v -0.416131 4.113038 0.546623
v -0.416131 4.113038 0.546623
v -0.321402 4.113038 0.512124
v -0.348940 4.015517 0.453124
v -0.321402 4.113038 0.512124
v -0.416131 4.113038 0.546623
v -0.410201 4.228077 0.568722
v -0.410201 4.228077 0.568722
v -0.311730 4.228077 0.532923
v -0.321402 4.113038 0.512124
v -0.311730 4.228077 0.532923
v -0.410201 4.228077 0.568722
v -0.410201 4.829288 0.568722
v -0.410201 4.829288 0.568722
v -0.311730 4.829288 0.532923
v -0.311730 4.228077 0.532923
v -0.311730 4.829288 0.532923
v -0.410201 4.829288 0.568722
v -0.416131 4.944326 0.546623
v -0.416131 4.944326 0.546623
v -0.321402 4.944326 0.512124
v -0.311730 4.829288 0.532923
v -0.321402 4.944326 0.512124
v -0.416131 4.944326 0.546623
v -0.432991 5.041847 0.483722
v -0.432991 5.041847 0.483722
v -0.348940 5.041847 0.453124
v -0.321402 4.944326 0.512124
v -0.348940 5.041847 0.453124
v -0.432991 5.041847 0.483722
v -0.458230 5.107018 0.389524
v -0.458230 5.107018 0.389524
v -0.390151 5.107018 0.364723
v -0.348940 5.041847 0.453124
v -0.390151 5.107018 0.364723
v -0.458230 5.107018 0.389524
v -0.470752 5.129898 0.273224
v -0.470752 5.129898 0.273224
v -0.419822 5.129898 0.250823
v -0.390151 5.107018 0.364723
v -0.393392 3.927467 0.234224
v -0.438772 3.927467 0.260422
v -0.390151 3.950357 0.364723
v -0.390151 3.950357 0.364723
v -0.327412 3.950357 0.328522
v -0.393392 3.927467 0.234224
v -0.327412 3.950357 0.328522
v -0.390151 3.950357 0.364723
v -0.348940 4.015517 0.453124
v -0.348940 4.015517 0.453124
v -0.271471 4.015517 0.408423
v -0.327412 3.950357 0.328522
v -0.271471 4.015517 0.408423
v -0.348940 4.015517 0.453124
v -0.321402 4.113038 0.512124
v -0.321402 4.113038 0.512124
v -0.234092 4.113038 0.461724
v -0.271471 4.015517 0.408423
v -0.234092 4.113038 0.461724
v -0.321402 4.113038 0.512124
v -0.311730 4.228077 0.532923
v -0.311730 4.228077 0.532923
v -0.220972 4.228077 0.480524
v -0.234092 4.113038 0.461724
v -0.220972 4.228077 0.480524
v -0.311730 4.228077 0.532923
v -0.311730 4.829288 0.532923
v -0.311730 4.829288 0.532923
v -0.220972 4.829288 0.480524
v -0.220972 4.228077 0.480524
v -0.220972 4.829288 0.480524
v -0.311730 4.829288 0.532923
v -0.321402 4.944326 0.512124
v -0.321402 4.944326 0.512124
v -0.234092 4.944326 0.461724
v -0.220972 4.829288 0.480524
v -0.234092 4.944326 0.461724
v -0.321402 4.944326 0.512124
v -0.348940 5.041847 0.453124
v -0.348940 5.041847 0.453124
v -0.271471 5.041847 0.408423
v -0.234092 4.944326 0.461724
v -0.271471 5.041847 0.408423
v -0.348940 5.041847 0.453124
v -0.390151 5.107018 0.364723
v -0.390151 5.107018 0.364723
v -0.327412 5.107018 0.328522
v -0.271471 5.041847 0.408423
v -0.327412 5.107018 0.328522
v -0.390151 5.107018 0.364723
v -0.419822 5.129898 0.250823
v -0.419822 5.129898 0.250823
v -0.381260 5.129898 0.225322
v -0.327412 5.107018 0.328522
v -0.353251 3.927467 0.200624
v -0.393392 3.927467 0.234224
v -0.327412 3.950357 0.328522
v -0.327412 3.950357 0.328522
v -0.271912 3.950357 0.281924
v -0.353251 3.927467 0.200624
v -0.271912 3.950357 0.281924
v -0.327412 3.950357 0.328522
v -0.271471 4.015517 0.408423
v -0.271471 4.015517 0.408423
v -0.202950 4.015518 0.350924
v -0.271912 3.950357 0.281924
v -0.202950 4.015518 0.350924
v -0.271471 4.015517 0.408423
v -0.234092 4.113038 0.461724
v -0.234092 4.113038 0.461724
v -0.156870 4.113038 0.396924
v -0.202950 4.015518 0.350924
v -0.156870 4.113038 0.396924
v -0.234092 4.113038 0.461724
v -0.220972 4.228077 0.480524
v -0.220972 4.228077 0.480524
v -0.140692 4.228077 0.413124
v -0.156870 4.113038 0.396924
v -0.140692 4.228077 0.413124
v -0.220972 4.228077 0.480524
v -0.220972 4.829288 0.480524
v -0.220972 4.829288 0.480524
v -0.140692 4.829288 0.413124
v -0.140692 4.228077 0.413124
v -0.140692 4.829288 0.413124
v -0.220972 4.829288 0.480524
v -0.234092 4.944326 0.461724
v -0.234092 4.944326 0.461724
v -0.156870 4.944326 0.396924
v -0.140692 4.829288 0.413124
v -0.156870 4.944326 0.396924
v -0.234092 4.944326 0.461724
v -0.271471 5.041847 0.408423
v -0.271471 5.041847 0.408423
v -0.202950 5.041847 0.350924
v -0.156870 4.944326 0.396924
v -0.202950 5.041847 0.350924
v -0.271471 5.041847 0.408423
v -0.327412 5.107018 0.328522
v -0.327412 5.107018 0.328522
v -0.271912 5.107018 0.281924
v -0.202950 5.041847 0.350924
v -0.271912 5.107018 0.281924
v -0.327412 5.107018 0.328522
v -0.381260 5.129898 0.225322
v -0.381260 5.129898 0.225322
v -0.353251 5.129898 0.200624
v -0.271912 5.107018 0.281924
v -0.803091 3.927467 0.172622
v -0.778370 3.927467 0.200623
v -0.738232 3.927467 0.234224
v -0.738232 3.927467 0.234224
v -0.731131 3.927467 0.153323
v -0.803091 3.927467 0.172622
v -0.731131 3.927467 0.153323
v -0.738232 3.927467 0.234224
v -0.692851 3.927467 0.260422
v -0.692851 3.927467 0.260422
v -0.701712 3.927467 0.178324
v -0.731131 3.927467 0.153323
v -0.701712 3.927467 0.178324
v -0.692851 3.927467 0.260422
v -0.643610 3.927467 0.278424
v -0.643610 3.927467 0.278424
v -0.657912 3.927467 0.202924
v -0.701712 3.927467 0.178324
v -0.657912 3.927467 0.202924
v -0.643610 3.927467 0.278424
v -0.592010 3.927467 0.287524
v -0.592010 3.927467 0.287524
v -0.598872 3.927467 0.219523
v -0.657912 3.927467 0.202924
v -0.598872 3.927467 0.219523
v -0.592010 3.927467 0.287524
v -0.539610 3.927467 0.287524
v -0.539610 3.927467 0.287524
v -0.532741 3.927467 0.219523
v -0.598872 3.927467 0.219523
v -0.532741 3.927467 0.219523
v -0.539610 3.927467 0.287524
v -0.488010 3.927467 0.278424
v -0.488010 3.927467 0.278424
v -0.473711 3.927467 0.202924
v -0.532741 3.927467 0.219523
v -0.473711 3.927467 0.202924
v -0.488010 3.927467 0.278424
v -0.438772 3.927467 0.260422
v -0.438772 3.927467 0.260422
v -0.429912 3.927467 0.178324
v -0.473711 3.927467 0.202924
v -0.429912 3.927467 0.178324
v -0.438772 3.927467 0.260422
v -0.393392 3.927467 0.234224
v -0.393392 3.927467 0.234224
v -0.400482 3.927467 0.153323
v -0.429912 3.927467 0.178324
v -0.400482 3.927467 0.153323
v -0.393392 3.927467 0.234224
v -0.353251 3.927467 0.200624
v -0.353251 3.927467 0.200624
v -0.319571 3.927467 0.160424
v -0.400482 3.927467 0.153323
v -0.828590 3.927467 0.134022
v -0.803091 3.927467 0.172622
v -0.731131 3.927467 0.153323
v -0.731131 3.927467 0.153323
v -0.756061 3.927467 0.123923
v -0.828590 3.927467 0.134022
v -0.756061 3.927467 0.123923
v -0.731131 3.927467 0.153323
v -0.701712 3.927467 0.178324
v -0.701712 3.927467 0.178324
v -0.683902 3.927467 0.106123
v -0.756061 3.927467 0.123923
v -0.683902 3.927467 0.106123
v -0.701712 3.927467 0.178324
v -0.657912 3.927467 0.202924
v -0.657912 3.927467 0.202924
v -0.651731 3.927467 0.131222
v -0.683902 3.927467 0.106123
v -0.651731 3.927467 0.131222
v -0.657912 3.927467 0.202924
v -0.598872 3.927467 0.219523
v -0.598872 3.927467 0.219523
v -0.598562 3.927467 0.151824
v -0.651731 3.927467 0.131222
v -0.598562 3.927467 0.151824
v -0.598872 3.927467 0.219523
v -0.532741 3.927467 0.219523
v -0.532741 3.927467 0.219523
v -0.533061 3.927467 0.151824
v -0.598562 3.927467 0.151824
v -0.533061 3.927467 0.151824
v -0.532741 3.927467 0.219523
v -0.473711 3.927467 0.202924
v -0.473711 3.927467 0.202924
v -0.479892 3.927467 0.131222
v -0.533061 3.927467 0.151824
v -0.479892 3.927467 0.131222
v -0.473711 3.927467 0.202924
v -0.429912 3.927467 0.178324
v -0.429912 3.927467 0.178324
v -0.447721 3.927467 0.106123
v -0.479892 3.927467 0.131222
v -0.447721 3.927467 0.106123
v -0.429912 3.927467 0.178324
v -0.400482 3.927467 0.153323
v -0.400482 3.927467 0.153323
v -0.375562 3.927467 0.123924
v -0.447721 3.927467 0.106123
v -0.375562 3.927467 0.123924
v -0.400482 3.927467 0.153323
v -0.319571 3.927467 0.160424
v -0.319571 3.927467 0.160424
v -0.293372 3.927467 0.115024
v -0.375562 3.927467 0.123924
v -0.850992 3.927467 0.083123
v -0.828590 3.927467 0.134022
v -0.756061 3.927467 0.123923
v -0.756061 3.927467 0.123923
v -0.780712 3.927467 0.080123
v -0.850992 3.927467 0.083123
v -0.780712 3.927467 0.080123
v -0.756061 3.927467 0.123923
v -0.683902 3.927467 0.106123
v -0.683902 3.927467 0.106123
v -0.709011 3.927467 0.073924
v -0.780712 3.927467 0.080123
v -0.709011 3.927467 0.073924
v -0.683902 3.927467 0.106123
v -0.651731 3.927467 0.131222
v -0.651731 3.927467 0.131222
v -0.636661 3.927467 0.058923
v -0.709011 3.927467 0.073924
v -0.636661 3.927467 0.058923
v -0.651731 3.927467 0.131222
v -0.598562 3.927467 0.151824
v -0.598562 3.927467 0.151824
v -0.597502 3.927467 0.083123
v -0.636661 3.927467 0.058923
v -0.597502 3.927467 0.083123
v -0.598562 3.927467 0.151824
v -0.533061 3.927467 0.151824
v -0.533061 3.927467 0.151824
v -0.534121 3.927467 0.083123
v -0.597502 3.927467 0.083123
v -0.534121 3.927467 0.083123
v -0.533061 3.927467 0.151824
v -0.479892 3.927467 0.131222
v -0.479892 3.927467 0.131222
v -0.494962 3.927467 0.058923
v -0.534121 3.927467 0.083123
v -0.494962 3.927467 0.058923
v -0.479892 3.927467 0.131222
v -0.447721 3.927467 0.106123
v -0.447721 3.927467 0.106123
v -0.422612 3.927467 0.073924
v -0.494962 3.927467 0.058923
v -0.422612 3.927467 0.073924
v -0.447721 3.927467 0.106123
v -0.375562 3.927467 0.123924
v -0.375562 3.927467 0.123924
v -0.350912 3.927467 0.080123
v -0.422612 3.927467 0.073924
v -0.350912 3.927467 0.080123
v -0.375562 3.927467 0.123924
v -0.293372 3.927467 0.115024
v -0.293372 3.927467 0.115024
v -0.275452 3.927467 0.065824
v -0.350912 3.927467 0.080123
v -0.864582 3.927467 0.021223
v -0.850992 3.927467 0.083123
v -0.780712 3.927467 0.080123
v -0.780712 3.927467 0.080123
v -0.797262 3.927467 0.021123
v -0.864582 3.927467 0.021223
v -0.797262 3.927467 0.021123
v -0.780712 3.927467 0.080123
v -0.709011 3.927467 0.073924
v -0.709011 3.927467 0.073924
v -0.729570 3.927467 0.020823
v -0.797262 3.927467 0.021123
v -0.729570 3.927467 0.020823
v -0.709011 3.927467 0.073924
v -0.636661 3.927467 0.058923
v -0.636661 3.927467 0.058923
v -0.660871 3.927467 0.019723
v -0.729570 3.927467 0.020823
v -0.660871 3.927467 0.019723
v -0.636661 3.927467 0.058923
v -0.597502 3.927467 0.083123
v -0.597502 3.927467 0.083123
v -0.589432 3.927467 0.011624
v -0.660871 3.927467 0.019723
v -0.589432 3.927467 0.011624
v -0.597502 3.927467 0.083123
v -0.534121 3.927467 0.083123
v -0.534121 3.927467 0.083123
v -0.542191 3.927467 0.011624
v -0.589432 3.927467 0.011624
v -0.542191 3.927467 0.011624
v -0.534121 3.927467 0.083123
v -0.494962 3.927467 0.058923
v -0.494962 3.927467 0.058923
v -0.470752 3.927467 0.019723
v -0.542191 3.927467 0.011624
v -0.470752 3.927467 0.019723
v -0.494962 3.927467 0.058923
v -0.422612 3.927467 0.073924
v -0.422612 3.927467 0.073924
v -0.402050 3.927467 0.020823
v -0.470752 3.927467 0.019723
v -0.402050 3.927467 0.020823
v -0.422612 3.927467 0.073924
v -0.350912 3.927467 0.080123
v -0.350912 3.927467 0.080123
v -0.334351 3.927467 0.021123
v -0.402050 3.927467 0.020823
v -0.334351 3.927467 0.021123
v -0.350912 3.927467 0.080123
v -0.275452 3.927467 0.065824
v -0.275452 3.927467 0.065824
v -0.266352 3.927467 0.014224
v -0.334351 3.927467 0.021123
v -0.864582 3.927467 -0.045177
v -0.864582 3.927467 0.021223
v -0.797262 3.927467 0.021123
v -0.797262 3.927467 0.021123
v -0.797262 3.927467 -0.045078
v -0.864582 3.927467 -0.045177
v -0.797262 3.927467 -0.045078
v -0.797262 3.927467 0.021123
v -0.729570 3.927467 0.020823
v -0.729570 3.927467 0.020823
v -0.729570 3.927467 -0.044776
v -0.797262 3.927467 -0.045078
v -0.729570 3.927467 -0.044776
v -0.729570 3.927467 0.020823
v -0.660871 3.927467 0.019723
v -0.660871 3.927467 0.019723
v -0.660871 3.927467 -0.043676
v -0.729570 3.927467 -0.044776
v -0.660871 3.927467 -0.043676
v -0.660871 3.927467 0.019723
v -0.589432 3.927467 0.011624
v -0.589432 3.927467 0.011624
v -0.589432 3.927467 -0.035577
v -0.660871 3.927467 -0.043676
v -0.589432 3.927467 -0.035577
v -0.589432 3.927467 0.011624
v -0.542191 3.927467 0.011624
v -0.542191 3.927467 0.011624
v -0.542191 3.927467 -0.035577
v -0.589432 3.927467 -0.035577
v -0.542191 3.927467 -0.035577
v -0.542191 3.927467 0.011624
v -0.470752 3.927467 0.019723
v -0.470752 3.927467 0.019723
v -0.470752 3.927467 -0.043676
v -0.542191 3.927467 -0.035577
v -0.470752 3.927467 -0.043676
v -0.470752 3.927467 0.019723
v -0.402050 3.927467 0.020823
v -0.402050 3.927467 0.020823
v -0.402050 3.927467 -0.044776
v -0.470752 3.927467 -0.043676
v -0.402050 3.927467 -0.044776
v -0.402050 3.927467 0.020823
v -0.334351 3.927467 0.021123
v -0.334351 3.927467 0.021123
v -0.334351 3.927467 -0.045078
v -0.402050 3.927467 -0.044776
v -0.334351 3.927467 -0.045078
v -0.334351 3.927467 0.021123
v -0.266352 3.927467 0.014224
v -0.266352 3.927467 0.014224
v -0.266352 3.927467 -0.038177
v -0.334351 3.927467 -0.045078
v -0.850991 3.927467 -0.107077
v -0.864582 3.927467 -0.045177
v -0.797262 3.927467 -0.045078
v -0.797262 3.927467 -0.045078
v -0.780711 3.927467 -0.104077
v -0.850991 3.927467 -0.107077
v -0.780711 3.927467 -0.104077
v -0.797262 3.927467 -0.045078
v -0.729570 3.927467 -0.044776
v -0.729570 3.927467 -0.044776
v -0.709011 3.927467 -0.097877
v -0.780711 3.927467 -0.104077
v -0.709011 3.927467 -0.097877
v -0.729570 3.927467 -0.044776
v -0.660871 3.927467 -0.043676
v -0.660871 3.927467 -0.043676
v -0.636661 3.927467 -0.082876
v -0.709011 3.927467 -0.097877
v -0.636661 3.927467 -0.082876
v -0.660871 3.927467 -0.043676
v -0.589432 3.927467 -0.035577
v -0.589432 3.927467 -0.035577
v -0.597501 3.927467 -0.107076
v -0.636661 3.927467 -0.082876
v -0.597501 3.927467 -0.107076
v -0.589432 3.927467 -0.035577
v -0.542191 3.927467 -0.035577
v -0.542191 3.927467 -0.035577
v -0.534121 3.927467 -0.107076
v -0.597501 3.927467 -0.107076
v -0.534121 3.927467 -0.107076
v -0.542191 3.927467 -0.035577
v -0.470752 3.927467 -0.043676
v -0.470752 3.927467 -0.043676
v -0.494962 3.927467 -0.082876
v -0.534121 3.927467 -0.107076
v -0.494962 3.927467 -0.082876
v -0.470752 3.927467 -0.043676
v -0.402050 3.927467 -0.044776
v -0.402050 3.927467 -0.044776
v -0.422611 3.927467 -0.097877
v -0.494962 3.927467 -0.082876
v -0.422611 3.927467 -0.097877
v -0.402050 3.927467 -0.044776
v -0.334351 3.927467 -0.045078
v -0.334351 3.927467 -0.045078
v -0.350911 3.927467 -0.104076
v -0.422611 3.927467 -0.097877
v -0.350911 3.927467 -0.104076
v -0.334351 3.927467 -0.045078
v -0.266352 3.927467 -0.038177
v -0.266352 3.927467 -0.038177
v -0.275451 3.927467 -0.089777
v -0.350911 3.927467 -0.104076
v -0.828590 3.927467 -0.157977
v -0.850991 3.927467 -0.107077
v -0.780711 3.927467 -0.104077
v -0.780711 3.927467 -0.104077
v -0.756061 3.927467 -0.147877
v -0.828590 3.927467 -0.157977
v -0.756061 3.927467 -0.147877
v -0.780711 3.927467 -0.104077
v -0.709011 3.927467 -0.097877
v -0.709011 3.927467 -0.097877
v -0.683901 3.927467 -0.130076
v -0.756061 3.927467 -0.147877
v -0.683901 3.927467 -0.130076
v -0.709011 3.927467 -0.097877
v -0.636661 3.927467 -0.082876
v -0.636661 3.927467 -0.082876
v -0.651731 3.927467 -0.155176
v -0.683901 3.927467 -0.130076
v -0.651731 3.927467 -0.155176
v -0.636661 3.927467 -0.082876
v -0.597501 3.927467 -0.107076
v -0.597501 3.927467 -0.107076
v -0.598561 3.927467 -0.175776
v -0.651731 3.927467 -0.155176
v -0.598561 3.927467 -0.175776
v -0.597501 3.927467 -0.107076
v -0.534121 3.927467 -0.107076
v -0.534121 3.927467 -0.107076
v -0.533061 3.927467 -0.175776
v -0.598561 3.927467 -0.175776
v -0.533061 3.927467 -0.175776
v -0.534121 3.927467 -0.107076
v -0.494962 3.927467 -0.082876
v -0.494962 3.927467 -0.082876
v -0.479891 3.927467 -0.155176
v -0.533061 3.927467 -0.175776
v -0.479891 3.927467 -0.155176
v -0.494962 3.927467 -0.082876
v -0.422611 3.927467 -0.097877
v -0.422611 3.927467 -0.097877
v -0.447721 3.927467 -0.130076
v -0.479891 3.927467 -0.155176
v -0.447721 3.927467 -0.130076
v -0.422611 3.927467 -0.097877
v -0.350911 3.927467 -0.104076
v -0.350911 3.927467 -0.104076
v -0.375561 3.927467 -0.147877
v -0.447721 3.927467 -0.130076
v -0.375561 3.927467 -0.147877
v -0.350911 3.927467 -0.104076
v -0.275451 3.927467 -0.089777
v -0.275451 3.927467 -0.089777
v -0.293371 3.927467 -0.138977
v -0.375561 3.927467 -0.147877
v -0.803091 3.927467 -0.196577
v -0.828590 3.927467 -0.157977
v -0.756061 3.927467 -0.147877
v -0.756061 3.927467 -0.147877
v -0.731131 3.927467 -0.177276
v -0.803091 3.927467 -0.196577
v -0.731131 3.927467 -0.177276
v -0.756061 3.927467 -0.147877
v -0.683901 3.927467 -0.130076
v -0.683901 3.927467 -0.130076
v -0.701711 3.927467 -0.202276
v -0.731131 3.927467 -0.177276
v -0.701711 3.927467 -0.202276
v -0.683901 3.927467 -0.130076
v -0.651731 3.927467 -0.155176
v -0.651731 3.927467 -0.155176
v -0.657911 3.927467 -0.226877
v -0.701711 3.927467 -0.202276
v -0.657911 3.927467 -0.226877
v -0.651731 3.927467 -0.155176
v -0.598561 3.927467 -0.175776
v -0.598561 3.927467 -0.175776
v -0.598871 3.927467 -0.243476
v -0.657911 3.927467 -0.226877
v -0.598871 3.927467 -0.243476
v -0.598561 3.927467 -0.175776
v -0.533061 3.927467 -0.175776
v -0.533061 3.927467 -0.175776
v -0.532741 3.927467 -0.243476
v -0.598871 3.927467 -0.243476
v -0.532741 3.927467 -0.243476
v -0.533061 3.927467 -0.175776
v -0.479891 3.927467 -0.155176
v -0.479891 3.927467 -0.155176
v -0.473711 3.927467 -0.226877
v -0.532741 3.927467 -0.243476
v -0.473711 3.927467 -0.226877
v -0.479891 3.927467 -0.155176
v -0.447721 3.927467 -0.130076
v -0.447721 3.927467 -0.130076
v -0.429911 3.927467 -0.202276
v -0.473711 3.927467 -0.226877
v -0.429911 3.927467 -0.202276
v -0.447721 3.927467 -0.130076
v -0.375561 3.927467 -0.147877
v -0.375561 3.927467 -0.147877
v -0.400481 3.927467 -0.177276
v -0.429911 3.927467 -0.202276
v -0.400481 3.927467 -0.177276
v -0.375561 3.927467 -0.147877
v -0.293371 3.927467 -0.138977
v -0.293371 3.927467 -0.138977
v -0.319571 3.927467 -0.184376
v -0.400481 3.927467 -0.177276
v -0.778370 3.927467 -0.224577
v -0.803091 3.927467 -0.196577
v -0.731131 3.927467 -0.177276
v -0.731131 3.927467 -0.177276
v -0.738231 3.927467 -0.258177
v -0.778370 3.927467 -0.224577
v -0.738231 3.927467 -0.258177
v -0.731131 3.927467 -0.177276
v -0.701711 3.927467 -0.202276
v -0.701711 3.927467 -0.202276
v -0.692851 3.927467 -0.284376
v -0.738231 3.927467 -0.258177
v -0.692851 3.927467 -0.284376
v -0.701711 3.927467 -0.202276
v -0.657911 3.927467 -0.226877
v -0.657911 3.927467 -0.226877
v -0.643610 3.927467 -0.302377
v -0.692851 3.927467 -0.284376
v -0.643610 3.927467 -0.302377
v -0.657911 3.927467 -0.226877
v -0.598871 3.927467 -0.243476
v -0.598871 3.927467 -0.243476
v -0.592010 3.927467 -0.311476
v -0.643610 3.927467 -0.302377
v -0.592010 3.927467 -0.311476
v -0.598871 3.927467 -0.243476
v -0.532741 3.927467 -0.243476
v -0.532741 3.927467 -0.243476
v -0.539610 3.927467 -0.311476
v -0.592010 3.927467 -0.311476
v -0.539610 3.927467 -0.311476
v -0.532741 3.927467 -0.243476
v -0.473711 3.927467 -0.226877
v -0.473711 3.927467 -0.226877
v -0.488010 3.927467 -0.302377
v -0.539610 3.927467 -0.311476
v -0.488010 3.927467 -0.302377
v -0.473711 3.927467 -0.226877
v -0.429911 3.927467 -0.202276
v -0.429911 3.927467 -0.202276
v -0.438771 3.927467 -0.284376
v -0.488010 3.927467 -0.302377
v -0.438771 3.927467 -0.284376
v -0.429911 3.927467 -0.202276
v -0.400481 3.927467 -0.177276
v -0.400481 3.927467 -0.177276
v -0.393391 3.927467 -0.258177
v -0.438771 3.927467 -0.284376
v -0.393391 3.927467 -0.258177
v -0.400481 3.927467 -0.177276
v -0.319571 3.927467 -0.184376
v -0.319571 3.927467 -0.184376
v -0.353251 3.927467 -0.224576
v -0.393391 3.927467 -0.258177
v -0.803091 3.927467 -0.196577
v -0.778370 3.927467 -0.224577
v -0.859711 3.950357 -0.305877
v -0.859711 3.950357 -0.305877
v -0.906281 3.950357 -0.250377
v -0.803091 3.927467 -0.196577
v -0.906281 3.950357 -0.250377
v -0.859711 3.950357 -0.305877
v -0.928670 4.015518 -0.374877
v -0.928670 4.015518 -0.374877
v -0.986171 4.015518 -0.306278
v -0.906281 3.950357 -0.250377
v -0.986171 4.015518 -0.306278
v -0.928670 4.015518 -0.374877
v -0.974751 4.113038 -0.420877
v -0.974751 4.113038 -0.420877
v -1.039551 4.113038 -0.343677
v -0.986171 4.015518 -0.306278
v -1.039551 4.113038 -0.343677
v -0.974751 4.113038 -0.420877
v -0.990931 4.228077 -0.437077
v -0.990931 4.228077 -0.437077
v -1.058290 4.228077 -0.356777
v -1.039551 4.113038 -0.343677
v -1.058290 4.228077 -0.356777
v -0.990931 4.228077 -0.437077
v -0.990931 4.829288 -0.437077
v -0.990931 4.829288 -0.437077
v -1.058290 4.829288 -0.356777
v -1.058290 4.228077 -0.356777
v -1.058290 4.829288 -0.356777
v -0.990931 4.829288 -0.437077
v -0.974751 4.944326 -0.420877
v -0.974751 4.944326 -0.420877
v -1.039551 4.944326 -0.343677
v -1.058290 4.829288 -0.356777
v -1.039551 4.944326 -0.343677
v -0.974751 4.944326 -0.420877
v -0.928670 5.041847 -0.374877
v -0.928670 5.041847 -0.374877
v -0.986171 5.041847 -0.306278
v -1.039551 4.944326 -0.343677
v -0.986171 5.041847 -0.306278
v -0.928670 5.041847 -0.374877
v -0.859711 5.107018 -0.305877
v -0.859711 5.107018 -0.305877
v -0.906281 5.107018 -0.250377
v -0.986171 5.041847 -0.306278
v -0.906281 5.107018 -0.250377
v -0.859711 5.107018 -0.305877
v -0.778370 5.129898 -0.224577
v -0.778370 5.129898 -0.224577
v -0.803091 5.129898 -0.196577
v -0.906281 5.107018 -0.250377
v -0.828590 3.927467 -0.157977
v -0.803091 3.927467 -0.196577
v -0.906281 3.950357 -0.250377
v -0.906281 3.950357 -0.250377
v -0.942511 3.950357 -0.187677
v -0.828590 3.927467 -0.157977
v -0.942511 3.950357 -0.187677
v -0.906281 3.950357 -0.250377
v -0.986171 4.015518 -0.306278
v -0.986171 4.015518 -0.306278
v -1.030900 4.015518 -0.228877
v -0.942511 3.950357 -0.187677
v -1.030900 4.015518 -0.228877
v -0.986171 4.015518 -0.306278
v -1.039551 4.113038 -0.343677
v -1.039551 4.113038 -0.343677
v -1.089951 4.113038 -0.256378
v -1.030900 4.015518 -0.228877
v -1.089951 4.113038 -0.256378
v -1.039551 4.113038 -0.343677
v -1.058290 4.228077 -0.356777
v -1.058290 4.228077 -0.356777
v -1.110691 4.228077 -0.266077
v -1.089951 4.113038 -0.256378
v -1.110691 4.228077 -0.266077
v -1.058290 4.228077 -0.356777
v -1.058290 4.829288 -0.356777
v -1.058290 4.829288 -0.356777
v -1.110691 4.829288 -0.266077
v -1.110691 4.228077 -0.266077
v -1.110691 4.829288 -0.266077
v -1.058290 4.829288 -0.356777
v -1.039551 4.944326 -0.343677
v -1.039551 4.944326 -0.343677
v -1.089951 4.944326 -0.256378
v -1.110691 4.829288 -0.266077
v -1.089951 4.944326 -0.256378
v -1.039551 4.944326 -0.343677
v -0.986171 5.041847 -0.306278
v -0.986171 5.041847 -0.306278
v -1.030900 5.041847 -0.228877
v -1.089951 4.944326 -0.256378
v -1.030900 5.041847 -0.228877
v -0.986171 5.041847 -0.306278
v -0.906281 5.107018 -0.250377
v -0.906281 5.107018 -0.250377
v -0.942511 5.107018 -0.187677
v -1.030900 5.041847 -0.228877
v -0.942511 5.107018 -0.187677
v -0.906281 5.107018 -0.250377
v -0.803091 5.129898 -0.196577
v -0.803091 5.129898 -0.196577
v -0.828590 5.129898 -0.157977
v -0.942511 5.107018 -0.187677
v -0.850991 3.927467 -0.107077
v -0.828590 3.927467 -0.157977
v -0.942511 3.950357 -0.187677
v -0.942511 3.950357 -0.187677
v -0.967290 3.950357 -0.119577
v -0.850991 3.927467 -0.107077
v -0.967290 3.950357 -0.119577
v -0.942511 3.950357 -0.187677
v -1.030900 4.015518 -0.228877
v -1.030900 4.015518 -0.228877
v -1.061491 4.015518 -0.144778
v -0.967290 3.950357 -0.119577
v -1.061491 4.015518 -0.144778
v -1.030900 4.015518 -0.228877
v -1.089951 4.113038 -0.256378
v -1.089951 4.113038 -0.256378
v -1.124431 4.113038 -0.161677
v -1.061491 4.015518 -0.144778
v -1.124431 4.113038 -0.161677
v -1.089951 4.113038 -0.256378
v -1.110691 4.228077 -0.266077
v -1.110691 4.228077 -0.266077
v -1.146541 4.228077 -0.167577
v -1.124431 4.113038 -0.161677
v -1.146541 4.228077 -0.167577
v -1.110691 4.228077 -0.266077
v -1.110691 4.829288 -0.266077
v -1.110691 4.829288 -0.266077
v -1.146541 4.829288 -0.167577
v -1.146541 4.228077 -0.167577
v -1.146541 4.829288 -0.167577
v -1.110691 4.829288 -0.266077
v -1.089951 4.944326 -0.256378
v -1.089951 4.944326 -0.256378
v -1.124431 4.944326 -0.161677
v -1.146541 4.829288 -0.167577
v -1.124431 4.944326 -0.161677
v -1.089951 4.944326 -0.256378
v -1.030900 5.041847 -0.228877
v -1.030900 5.041847 -0.228877
v -1.061491 5.041847 -0.144778
v -1.124431 4.944326 -0.161677
v -1.061491 5.041847 -0.144778
v -1.030900 5.041847 -0.228877
v -0.942511 5.107018 -0.187677
v -0.942511 5.107018 -0.187677
v -0.967290 5.107018 -0.119577
v -1.061491 5.041847 -0.144778
v -0.967290 5.107018 -0.119577
v -0.942511 5.107018 -0.187677
v -0.828590 5.129898 -0.157977
v -0.828590 5.129898 -0.157977
v -0.850991 5.129898 -0.107077
v -0.967290 5.107018 -0.119577
v -0.864582 3.927467 -0.045177
v -0.850991 3.927467 -0.107077
v -0.967290 3.950357 -0.119577
v -0.967290 3.950357 -0.119577
v -0.979872 3.950357 -0.048177
v -0.864582 3.927467 -0.045177
v -0.979872 3.950357 -0.048177
v -0.967290 3.950357 -0.119577
v -1.061491 4.015518 -0.144778
v -1.061491 4.015518 -0.144778
v -1.077022 4.015518 -0.056677
v -0.979872 3.950357 -0.048177
v -1.077022 4.015518 -0.056677
v -1.061491 4.015518 -0.144778
v -1.124431 4.113038 -0.161677
v -1.124431 4.113038 -0.161677
v -1.141941 4.113038 -0.062377
v -1.077022 4.015518 -0.056677
v -1.141941 4.113038 -0.062377
v -1.124431 4.113038 -0.161677
v -1.146541 4.228077 -0.167577
v -1.146541 4.228077 -0.167577
v -1.164731 4.228077 -0.064377
v -1.141941 4.113038 -0.062377
v -1.164731 4.228077 -0.064377
v -1.146541 4.228077 -0.167577
v -1.146541 4.829288 -0.167577
v -1.146541 4.829288 -0.167577
v -1.164731 4.829288 -0.064377
v -1.164731 4.228077 -0.064377
v -1.164731 4.829288 -0.064377
v -1.146541 4.829288 -0.167577
v -1.124431 4.944326 -0.161677
v -1.124431 4.944326 -0.161677
v -1.141941 4.944326 -0.062377
v -1.164731 4.829288 -0.064377
v -1.141941 4.944326 -0.062377
v -1.124431 4.944326 -0.161677
v -1.061491 5.041847 -0.144778
v -1.061491 5.041847 -0.144778
v -1.077022 5.041847 -0.056677
v -1.141941 4.944326 -0.062377
v -1.077022 5.041847 -0.056677
v -1.061491 5.041847 -0.144778
v -0.967290 5.107018 -0.119577
v -0.967290 5.107018 -0.119577
v -0.979872 5.107018 -0.048177
v -1.077022 5.041847 -0.056677
v -0.979872 5.107018 -0.048177
v -0.967290 5.107018 -0.119577
v -0.850991 5.129898 -0.107077
v -0.850991 5.129898 -0.107077
v -0.864582 5.129898 -0.045177
v -0.979872 5.107018 -0.048177
v -0.864582 3.927467 0.021223
v -0.864582 3.927467 -0.045177
v -0.979872 3.950357 -0.048177
v -0.979872 3.950357 -0.048177
v -0.979872 3.950357 0.024223
v -0.864582 3.927467 0.021223
v -0.979872 3.950357 0.024223
v -0.979872 3.950357 -0.048177
v -1.077022 4.015518 -0.056677
v -1.077022 4.015518 -0.056677
v -1.077022 4.015518 0.032723
v -0.979872 3.950357 0.024223
v -1.077022 4.015518 0.032723
v -1.077022 4.015518 -0.056677
v -1.141941 4.113038 -0.062377
v -1.141941 4.113038 -0.062377
v -1.141941 4.113038 0.038423
v -1.077022 4.015518 0.032723
v -1.141941 4.113038 0.038423
v -1.141941 4.113038 -0.062377
v -1.164731 4.228077 -0.064377
v -1.164731 4.228077 -0.064377
v -1.164731 4.228077 0.040423
v -1.141941 4.113038 0.038423
v -1.164731 4.228077 0.040423
v -1.164731 4.228077 -0.064377
v -1.164731 4.829288 -0.064377
v -1.164731 4.829288 -0.064377
v -1.164731 4.829288 0.040423
v -1.164731 4.228077 0.040423
v -1.164731 4.829288 0.040423
v -1.164731 4.829288 -0.064377
v -1.141941 4.944326 -0.062377
v -1.141941 4.944326 -0.062377
v -1.141941 4.944326 0.038423
v -1.164731 4.829288 0.040423
v -1.141941 4.944326 0.038423
v -1.141941 4.944326 -0.062377
v -1.077022 5.041847 -0.056677
v -1.077022 5.041847 -0.056677
v -1.077022 5.041847 0.032723
v -1.141941 4.944326 0.038423
v -1.077022 5.041847 0.032723
v -1.077022 5.041847 -0.056677
v -0.979872 5.107018 -0.048177
v -0.979872 5.107018 -0.048177
v -0.979872 5.107018 0.024223
v -1.077022 5.041847 0.032723
v -0.979872 5.107018 0.024223
v -0.979872 5.107018 -0.048177
v -0.864582 5.129898 -0.045177
v -0.864582 5.129898 -0.045177
v -0.864582 5.129898 0.021223
v -0.979872 5.107018 0.024223
v -0.850992 3.927467 0.083123
v -0.864582 3.927467 0.021223
v -0.979872 3.950357 0.024223
v -0.979872 3.950357 0.024223
v -0.967290 3.950357 0.095623
v -0.850992 3.927467 0.083123
v -0.967290 3.950357 0.095623
v -0.979872 3.950357 0.024223
v -1.077022 4.015518 0.032723
v -1.077022 4.015518 0.032723
v -1.061491 4.015518 0.120823
v -0.967290 3.950357 0.095623
v -1.061491 4.015518 0.120823
v -1.077022 4.015518 0.032723
v -1.141941 4.113038 0.038423
v -1.141941 4.113038 0.038423
v -1.124432 4.113038 0.137723
v -1.061491 4.015518 0.120823
v -1.124432 4.113038 0.137723
v -1.141941 4.113038 0.038423
v -1.164731 4.228077 0.040423
v -1.164731 4.228077 0.040423
v -1.146542 4.228077 0.143623
v -1.124432 4.113038 0.137723
v -1.146542 4.228077 0.143623
v -1.164731 4.228077 0.040423
v -1.164731 4.829288 0.040423
v -1.164731 4.829288 0.040423
v -1.146542 4.829288 0.143623
v -1.146542 4.228077 0.143623
v -1.146542 4.829288 0.143623
v -1.164731 4.829288 0.040423
v -1.141941 4.944326 0.038423
v -1.141941 4.944326 0.038423
v -1.124432 4.944326 0.137723
v -1.146542 4.829288 0.143623
v -1.124432 4.944326 0.137723
v -1.141941 4.944326 0.038423
v -1.077022 5.041847 0.032723
v -1.077022 5.041847 0.032723
v -1.061491 5.041847 0.120823
v -1.124432 4.944326 0.137723
v -1.061491 5.041847 0.120823
v -1.077022 5.041847 0.032723
v -0.979872 5.107018 0.024223
v -0.979872 5.107018 0.024223
v -0.967290 5.107018 0.095623
v -1.061491 5.041847 0.120823
v -0.967290 5.107018 0.095623
v -0.979872 5.107018 0.024223
v -0.864582 5.129898 0.021223
v -0.864582 5.129898 0.021223
v -0.850992 5.129898 0.083123
v -0.967290 5.107018 0.095623
v -0.828590 3.927467 0.134022
v -0.850992 3.927467 0.083123
v -0.967290 3.950357 0.095623
v -0.967290 3.950357 0.095623
v -0.942511 3.950357 0.163723
v -0.828590 3.927467 0.134022
v -0.942511 3.950357 0.163723
v -0.967290 3.950357 0.095623
v -1.061491 4.015518 0.120823
v -1.061491 4.015518 0.120823
v -1.030900 4.015518 0.204922
v -0.942511 3.950357 0.163723
v -1.030900 4.015518 0.204922
v -1.061491 4.015518 0.120823
v -1.124432 4.113038 0.137723
v -1.124432 4.113038 0.137723
v -1.089951 4.113038 0.232423
v -1.030900 4.015518 0.204922
v -1.089951 4.113038 0.232423
v -1.124432 4.113038 0.137723
v -1.146542 4.228077 0.143623
v -1.146542 4.228077 0.143623
v -1.110691 4.228077 0.242123
v -1.089951 4.113038 0.232423
v -1.110691 4.228077 0.242123
v -1.146542 4.228077 0.143623
v -1.146542 4.829288 0.143623
v -1.146542 4.829288 0.143623
v -1.110691 4.829288 0.242123
v -1.110691 4.228077 0.242123
v -1.110691 4.829288 0.242123
v -1.146542 4.829288 0.143623
v -1.124432 4.944326 0.137723
v -1.124432 4.944326 0.137723
v -1.089951 4.944326 0.232423
v -1.110691 4.829288 0.242123
v -1.089951 4.944326 0.232423
v -1.124432 4.944326 0.137723
v -1.061491 5.041847 0.120823
v -1.061491 5.041847 0.120823
v -1.030900 5.041847 0.204922
v -1.089951 4.944326 0.232423
v -1.030900 5.041847 0.204922
v -1.061491 5.041847 0.120823
v -0.967290 5.107018 0.095623
v -0.967290 5.107018 0.095623
v -0.942511 5.107018 0.163723
v -1.030900 5.041847 0.204922
v -0.942511 5.107018 0.163723
v -0.967290 5.107018 0.095623
v -0.850992 5.129898 0.083123
v -0.850992 5.129898 0.083123
v -0.828590 5.129898 0.134022
v -0.942511 5.107018 0.163723
v -0.803091 3.927467 0.172622
v -0.828590 3.927467 0.134022
v -0.942511 3.950357 0.163723
v -0.942511 3.950357 0.163723
v -0.906281 3.950357 0.226423
v -0.803091 3.927467 0.172622
v -0.906281 3.950357 0.226423
v -0.942511 3.950357 0.163723
v -1.030900 4.015518 0.204922
v -1.030900 4.015518 0.204922
v -0.986172 4.015518 0.282323
v -0.906281 3.950357 0.226423
v -0.986172 4.015518 0.282323
v -1.030900 4.015518 0.204922
v -1.089951 4.113038 0.232423
v -1.089951 4.113038 0.232423
v -1.039552 4.113038 0.319723
v -0.986172 4.015518 0.282323
v -1.039552 4.113038 0.319723
v -1.089951 4.113038 0.232423
v -1.110691 4.228077 0.242123
v -1.110691 4.228077 0.242123
v -1.058290 4.228077 0.332823
v -1.039552 4.113038 0.319723
v -1.058290 4.228077 0.332823
v -1.110691 4.228077 0.242123
v -1.110691 4.829288 0.242123
v -1.110691 4.829288 0.242123
v -1.058290 4.829288 0.332823
v -1.058290 4.228077 0.332823
v -1.058290 4.829288 0.332823
v -1.110691 4.829288 0.242123
v -1.089951 4.944326 0.232423
v -1.089951 4.944326 0.232423
v -1.039552 4.944326 0.319723
v -1.058290 4.829288 0.332823
v -1.039552 4.944326 0.319723
v -1.089951 4.944326 0.232423
v -1.030900 5.041847 0.204922
v -1.030900 5.041847 0.204922
v -0.986172 5.041847 0.282323
v -1.039552 4.944326 0.319723
v -0.986172 5.041847 0.282323
v -1.030900 5.041847 0.204922
v -0.942511 5.107018 0.163723
v -0.942511 5.107018 0.163723
v -0.906281 5.107018 0.226423
v -0.986172 5.041847 0.282323
v -0.906281 5.107018 0.226423
v -0.942511 5.107018 0.163723
v -0.828590 5.129898 0.134022
v -0.828590 5.129898 0.134022
v -0.803091 5.129898 0.172622
v -0.906281 5.107018 0.226423
v -0.778370 3.927467 0.200623
v -0.803091 3.927467 0.172622
v -0.906281 3.950357 0.226423
v -0.906281 3.950357 0.226423
v -0.859712 3.950357 0.281923
v -0.778370 3.927467 0.200623
v -0.859712 3.950357 0.281923
v -0.906281 3.950357 0.226423
v -0.986172 4.015518 0.282323
v -0.986172 4.015518 0.282323
v -0.928670 4.015518 0.350923
v -0.859712 3.950357 0.281923
v -0.928670 4.015518 0.350923
v -0.986172 4.015518 0.282323
v -1.039552 4.113038 0.319723
v -1.039552 4.113038 0.319723
v -0.974751 4.113038 0.396923
v -0.928670 4.015518 0.350923
v -0.974751 4.113038 0.396923
v -1.039552 4.113038 0.319723
v -1.058290 4.228077 0.332823
v -1.058290 4.228077 0.332823
v -0.990931 4.228077 0.413123
v -0.974751 4.113038 0.396923
v -0.990931 4.228077 0.413123
v -1.058290 4.228077 0.332823
v -1.058290 4.829288 0.332823
v -1.058290 4.829288 0.332823
v -0.990931 4.829288 0.413123
v -0.990931 4.228077 0.413123
v -0.990931 4.829288 0.413123
v -1.058290 4.829288 0.332823
v -1.039552 4.944326 0.319723
v -1.039552 4.944326 0.319723
v -0.974751 4.944326 0.396923
v -0.990931 4.829288 0.413123
v -0.974751 4.944326 0.396923
v -1.039552 4.944326 0.319723
v -0.986172 5.041847 0.282323
v -0.986172 5.041847 0.282323
v -0.928670 5.041847 0.350923
v -0.974751 4.944326 0.396923
v -0.928670 5.041847 0.350923
v -0.986172 5.041847 0.282323
v -0.906281 5.107018 0.226423
v -0.906281 5.107018 0.226423
v -0.859712 5.107018 0.281923
v -0.928670 5.041847 0.350923
v -0.859712 5.107018 0.281923
v -0.906281 5.107018 0.226423
v -0.803091 5.129898 0.172622
v -0.803091 5.129898 0.172622
v -0.778370 5.129898 0.200623
v -0.859712 5.107018 0.281923
vn 0.2743 -0.9239 -0.2667
vn 0.1069 -0.9891 -0.1009
vn 0.0586 -0.9952 -0.0787
vn 0.2238 -0.9239 -0.3102
vn 0.5029 -0.7072 -0.4969
vn 0.2744 -0.9239 -0.2668
vn 0.2238 -0.9239 -0.3103
vn 0.4089 -0.7071 -0.5769
vn 0.6548 -0.3826 -0.6518
vn 0.5029 -0.7072 -0.4970
vn 0.4089 -0.7071 -0.5770
vn 0.5317 -0.3828 -0.7555
vn 0.6548 -0.3826 -0.6517
vn 0.7040 -0.0981 -0.7034
vn 0.5317 -0.3827 -0.7555
vn 0.5711 -0.0982 -0.8150
vn 0.7036 0.0980 -0.7038
vn 0.5707 0.0981 -0.8153
vn 0.6517 0.3827 -0.6548
vn 0.5707 0.0982 -0.8153
vn 0.5281 0.3827 -0.7580
vn 0.6518 0.3827 -0.6548
vn 0.4972 0.7071 -0.5028
vn 0.6517 0.3828 -0.6547
vn 0.5281 0.3828 -0.7580
vn 0.4022 0.7071 -0.5816
vn 0.4972 0.7070 -0.5029
vn 0.2664 0.9238 -0.2751
vn 0.2150 0.9239 -0.3165
vn 0.0800 0.9931 -0.0863
vn 0.2663 0.9238 -0.2750
vn 0.2149 0.9239 -0.3164
vn 0.2150 0.9239 -0.3164
vn 0.0646 0.9931 -0.0983
vn 0.0441 -0.9952 -0.0876
vn 0.1665 -0.9239 -0.3444
vn 0.2238 -0.9240 -0.3102
vn 0.4088 -0.7071 -0.5769
vn 0.1666 -0.9239 -0.3445
vn 0.3025 -0.7071 -0.6391
vn 0.3026 -0.7070 -0.6392
vn 0.3026 -0.7071 -0.6391
vn 0.3924 -0.3829 -0.8363
vn 0.3925 -0.3828 -0.8363
vn 0.4208 -0.0982 -0.9018
vn 0.5706 0.0981 -0.8153
vn 0.4208 -0.0981 -0.9018
vn 0.4202 0.0982 -0.9021
vn 0.5706 0.0982 -0.8153
vn 0.4202 0.0983 -0.9021
vn 0.3884 0.3827 -0.8383
vn 0.5281 0.3827 -0.7581
vn 0.4022 0.7070 -0.5817
vn 0.3884 0.3828 -0.8382
vn 0.2951 0.7071 -0.6426
vn 0.4022 0.7070 -0.5816
vn 0.1569 0.9239 -0.3490
vn 0.1568 0.9239 -0.3490
vn 0.1568 0.9239 -0.3489
vn 0.0467 0.9931 -0.1080
vn 0.0440 -0.9952 -0.0876
vn 0.0282 -0.9952 -0.0940
vn 0.1043 -0.9239 -0.3681
vn 0.1043 -0.9239 -0.3682
vn 0.1869 -0.7071 -0.6819
vn 0.3025 -0.7070 -0.6392
vn 0.1870 -0.7071 -0.6820
vn 0.2412 -0.3828 -0.8918
vn 0.4207 -0.0982 -0.9019
vn 0.2412 -0.3827 -0.8918
vn 0.2577 -0.0981 -0.9612
vn 0.4201 0.0982 -0.9021
vn 0.2577 -0.0980 -0.9612
vn 0.2572 0.0981 -0.9614
vn 0.4201 0.0983 -0.9021
vn 0.2573 0.0981 -0.9613
vn 0.2371 0.3826 -0.8930
vn 0.2951 0.7070 -0.6427
vn 0.2370 0.3827 -0.8930
vn 0.2371 0.3827 -0.8929
vn 0.1790 0.7071 -0.6841
vn 0.1790 0.7072 -0.6840
vn 0.1790 0.7071 -0.6840
vn 0.0940 0.9239 -0.3710
vn 0.0466 0.9931 -0.1080
vn 0.0939 0.9239 -0.3709
vn 0.0940 0.9239 -0.3709
vn 0.0272 0.9931 -0.1145
vn 0.1042 -0.9239 -0.3681
vn 0.0114 -0.9952 -0.0974
vn 0.0114 -0.9952 -0.0975
vn 0.0387 -0.9239 -0.3807
vn 0.1869 -0.7071 -0.6820
vn 0.0387 -0.9238 -0.3808
vn 0.0656 -0.7071 -0.7041
vn 0.2411 -0.3828 -0.8918
vn 0.1870 -0.7070 -0.6820
vn 0.0656 -0.7070 -0.7041
vn 0.0827 -0.3828 -0.9201
vn 0.2576 -0.0981 -0.9613
vn 0.0827 -0.3827 -0.9202
vn 0.0871 -0.0981 -0.9914
vn 0.2576 -0.0980 -0.9613
vn 0.2577 -0.0980 -0.9613
vn 0.0871 -0.0980 -0.9914
vn 0.0870 -0.0980 -0.9914
vn 0.0865 0.0980 -0.9914
vn 0.2370 0.3826 -0.8930
vn 0.0865 0.0981 -0.9914
vn 0.0783 0.3827 -0.9206
vn 0.0783 0.3828 -0.9205
vn 0.0783 0.3827 -0.9205
vn 0.0575 0.7071 -0.7048
vn 0.0939 0.9239 -0.3710
vn 0.0575 0.7071 -0.7047
vn 0.0281 0.9238 -0.3818
vn 0.0281 0.9239 -0.3817
vn 0.0069 0.9931 -0.1175
vn -0.0057 -0.9952 -0.0980
vn -0.0280 -0.9239 -0.3817
vn 0.0387 -0.9239 -0.3808
vn -0.0281 -0.9238 -0.3818
vn -0.0280 -0.9238 -0.3818
vn -0.0575 -0.7071 -0.7047
vn -0.0575 -0.7071 -0.7048
vn -0.0782 -0.3828 -0.9205
vn 0.0870 -0.0981 -0.9914
vn -0.0783 -0.3827 -0.9206
vn -0.0782 -0.3827 -0.9206
vn -0.0864 -0.0981 -0.9914
vn -0.0864 -0.0980 -0.9914
vn -0.0870 0.0980 -0.9914
vn 0.0864 0.0980 -0.9914
vn 0.0782 0.3827 -0.9206
vn 0.0864 0.0981 -0.9914
vn -0.0870 0.0981 -0.9914
vn -0.0827 0.3827 -0.9202
vn -0.0827 0.3828 -0.9201
vn -0.0656 0.7070 -0.7041
vn 0.0280 0.9238 -0.3818
vn -0.0656 0.7071 -0.7041
vn -0.0387 0.9238 -0.3808
vn 0.0280 0.9238 -0.3817
vn 0.0068 0.9931 -0.1174
vn 0.0280 0.9239 -0.3817
vn -0.0387 0.9239 -0.3807
vn -0.0137 0.9931 -0.1169
vn 0.0068 0.9931 -0.1175
vn -0.0057 -0.9952 -0.0979
vn -0.0227 -0.9952 -0.0955
vn -0.0939 -0.9239 -0.3709
vn -0.0939 -0.9239 -0.3710
vn -0.1790 -0.7072 -0.6840
vn -0.0783 -0.3828 -0.9205
vn -0.1790 -0.7071 -0.6841
vn -0.2370 -0.3827 -0.8930
vn -0.0783 -0.3827 -0.9205
vn -0.0865 -0.0981 -0.9914
vn -0.2370 -0.3826 -0.8930
vn -0.2572 -0.0981 -0.9614
vn -0.0865 -0.0980 -0.9914
vn -0.2577 0.0980 -0.9613
vn -0.0871 0.0980 -0.9914
vn -0.0871 0.0981 -0.9914
vn -0.2576 0.0981 -0.9613
vn -0.2576 0.0981 -0.9612
vn -0.2412 0.3827 -0.8918
vn -0.0656 0.7070 -0.7042
vn -0.2412 0.3828 -0.8918
vn -0.2411 0.3828 -0.8918
vn -0.1870 0.7070 -0.6820
vn -0.0387 0.9239 -0.3808
vn -0.1869 0.7071 -0.6820
vn -0.1043 0.9239 -0.3682
vn -0.1043 0.9239 -0.3681
vn -0.0338 0.9931 -0.1127
vn -0.0389 -0.9952 -0.0901
vn -0.1568 -0.9239 -0.3489
vn -0.0940 -0.9239 -0.3710
vn -0.1569 -0.9239 -0.3490
vn -0.1568 -0.9239 -0.3490
vn -0.2951 -0.7071 -0.6426
vn -0.2371 -0.3827 -0.8930
vn -0.3884 -0.3828 -0.8382
vn -0.2371 -0.3826 -0.8930
vn -0.3884 -0.3827 -0.8383
vn -0.4201 -0.0983 -0.9021
vn -0.2577 0.0980 -0.9612
vn -0.4201 -0.0982 -0.9021
vn -0.4207 0.0982 -0.9019
vn -0.2577 0.0981 -0.9612
vn -0.4207 0.0982 -0.9018
vn -0.3925 0.3828 -0.8363
vn -0.3925 0.3829 -0.8363
vn -0.3025 0.7070 -0.6392
vn -0.1870 0.7071 -0.6820
vn -0.3025 0.7071 -0.6392
vn -0.1666 0.9239 -0.3445
vn -0.1665 0.9239 -0.3444
vn -0.0528 0.9931 -0.1051
vn -0.0538 -0.9952 -0.0820
vn -0.0539 -0.9952 -0.0820
vn -0.2150 -0.9239 -0.3165
vn -0.4022 -0.7071 -0.5816
vn -0.5281 -0.3828 -0.7580
vn -0.4202 -0.0983 -0.9021
vn -0.5281 -0.3827 -0.7581
vn -0.5281 -0.3828 -0.7581
vn -0.5706 -0.0982 -0.8153
vn -0.4208 0.0981 -0.9018
vn -0.4202 -0.0982 -0.9021
vn -0.5706 -0.0981 -0.8153
vn -0.5711 0.0982 -0.8150
vn -0.4208 0.0982 -0.9018
vn -0.5317 0.3827 -0.7556
vn -0.3026 0.7070 -0.6392
vn -0.5317 0.3828 -0.7555
vn -0.4089 0.7070 -0.5770
vn -0.3025 0.7071 -0.6391
vn -0.4089 0.7071 -0.5769
vn -0.2238 0.9239 -0.3103
vn -0.2238 0.9239 -0.3102
vn -0.2237 0.9240 -0.3102
vn -0.0702 0.9931 -0.0944
vn -0.0800 -0.9930 -0.0863
vn -0.0800 -0.9930 -0.0864
vn -0.2663 -0.9238 -0.2750
vn -0.2664 -0.9238 -0.2750
vn -0.2664 -0.9238 -0.2751
vn -0.4972 -0.7071 -0.5028
vn -0.6517 -0.3828 -0.6548
vn -0.5707 -0.0982 -0.8153
vn -0.5281 -0.3827 -0.7580
vn -0.6518 -0.3827 -0.6548
vn -0.6517 -0.3827 -0.6548
vn -0.7036 -0.0980 -0.7038
vn -0.5707 -0.0981 -0.8153
vn -0.7040 0.0981 -0.7034
vn -0.5317 0.3827 -0.7555
vn -0.6549 0.3826 -0.6518
vn -0.6548 0.3827 -0.6517
vn -0.6548 0.3826 -0.6517
vn -0.5030 0.7071 -0.4970
vn -0.5029 0.7072 -0.4970
vn -0.2744 0.9239 -0.2667
vn -0.2743 0.9239 -0.2667
vn -0.0853 0.9930 -0.0819
vn -0.0000 1.0000 -0.0000
vn -0.0972 0.9929 -0.0681
vn -0.1068 0.9929 -0.0517
vn -0.1069 0.9929 -0.0517
vn -0.1139 0.9930 -0.0315
vn -0.1171 0.9931 -0.0085
vn -0.1159 0.9931 0.0152
vn -0.1107 0.9932 0.0375
vn -0.1107 0.9931 0.0375
vn -0.1024 0.9931 0.0570
vn -0.0923 0.9931 0.0729
vn -0.0923 0.9931 0.0730
vn -0.0811 0.9930 0.0860
vn -0.0680 0.9929 0.0972
vn -0.0517 0.9929 0.1069
vn -0.0518 0.9929 0.1069
vn -0.0315 0.9930 0.1139
vn -0.0085 0.9931 0.1171
vn 0.0152 0.9931 0.1159
vn 0.0375 0.9931 0.1107
vn 0.0570 0.9931 0.1024
vn 0.0730 0.9931 0.0923
vn 0.0860 0.9930 0.0811
vn 0.0972 0.9929 0.0681
vn 0.1068 0.9929 0.0517
vn 0.1069 0.9929 0.0517
vn 0.1139 0.9930 0.0315
vn 0.1171 0.9931 0.0085
vn 0.1159 0.9931 -0.0152
vn 0.1107 0.9932 -0.0375
vn 0.1107 0.9931 -0.0375
vn 0.1024 0.9931 -0.0570
vn 0.0923 0.9931 -0.0730
vn 0.0800 0.9931 -0.0862
vn 0.0645 0.9931 -0.0983
vn 0.0272 0.9931 -0.1144
vn -0.0137 0.9931 -0.1168
vn -0.0338 0.9931 -0.1126
vn -0.0528 0.9931 -0.1050
vn -0.0702 0.9931 -0.0943
vn 0.2668 -0.9239 0.2742
vn 0.0808 -0.9930 0.0856
vn 0.0787 -0.9952 0.0586
vn 0.3103 -0.9239 0.2238
vn 0.2667 -0.9239 0.2742
vn 0.4972 -0.7071 0.5028
vn 0.2668 -0.9239 0.2743
vn 0.3104 -0.9239 0.2239
vn 0.5768 -0.7072 0.4089
vn 0.6518 -0.3828 0.6547
vn 0.5769 -0.7071 0.4089
vn 0.5768 -0.7071 0.4090
vn 0.7554 -0.3828 0.5318
vn 0.6517 -0.3828 0.6547
vn 0.7036 -0.0981 0.7038
vn 0.6518 -0.3827 0.6548
vn 0.7554 -0.3827 0.5318
vn 0.7555 -0.3827 0.5318
vn 0.8150 -0.0980 0.5711
vn 0.7040 0.0981 0.7034
vn 0.7036 -0.0980 0.7038
vn 0.8153 0.0980 0.5707
vn 0.6549 0.3826 0.6518
vn 0.7580 0.3827 0.5282
vn 0.6549 0.3826 0.6517
vn 0.5030 0.7071 0.4970
vn 0.6548 0.3827 0.6517
vn 0.7580 0.3828 0.5281
vn 0.5815 0.7071 0.4022
vn 0.2751 0.9238 0.2663
vn 0.5029 0.7072 0.4969
vn 0.5815 0.7072 0.4022
vn 0.3159 0.9239 0.2159
vn 0.0860 0.9930 0.0812
vn 0.3158 0.9239 0.2158
vn 0.3158 0.9239 0.2159
vn 0.0861 0.9930 0.0812
vn 0.0877 -0.9952 0.0441
vn 0.0876 -0.9952 0.0440
vn 0.3444 -0.9239 0.1666
vn 0.3104 -0.9239 0.2238
vn 0.3445 -0.9239 0.1666
vn 0.6390 -0.7072 0.3025
vn 0.7555 -0.3828 0.5318
vn 0.6390 -0.7072 0.3026
vn 0.8363 -0.3828 0.3925
vn 0.8150 -0.0980 0.5710
vn 0.8364 -0.3827 0.3925
vn 0.9018 -0.0981 0.4210
vn 0.8151 -0.0979 0.5710
vn 0.9018 -0.0980 0.4210
vn 0.9020 0.0980 0.4204
vn 0.7580 0.3827 0.5281
vn 0.9020 0.0981 0.4204
vn 0.8382 0.3827 0.3885
vn 0.8382 0.3828 0.3885
vn 0.6425 0.7071 0.2952
vn 0.5816 0.7071 0.4022
vn 0.6425 0.7072 0.2952
vn 0.6424 0.7072 0.2952
vn 0.3477 0.9241 0.1586
vn 0.3159 0.9239 0.2158
vn 0.1069 0.9929 0.0518
vn 0.0973 0.9929 0.0681
vn 0.0877 -0.9952 0.0440
vn 0.0940 -0.9952 0.0281
vn 0.0940 -0.9952 0.0282
vn 0.3682 -0.9239 0.1041
vn 0.3683 -0.9239 0.1042
vn 0.6818 -0.7072 0.1869
vn 0.6819 -0.7072 0.1869
vn 0.8918 -0.3828 0.2412
vn 0.8363 -0.3828 0.3924
vn 0.9018 -0.0981 0.4209
vn 0.8918 -0.3828 0.2413
vn 0.9612 -0.0980 0.2578
vn 0.9018 -0.0980 0.4209
vn 0.9614 0.0980 0.2573
vn 0.8930 0.3827 0.2370
vn 0.6425 0.7071 0.2951
vn 0.8929 0.3828 0.2369
vn 0.8929 0.3828 0.2370
vn 0.6840 0.7072 0.1790
vn 0.3478 0.9241 0.1586
vn 0.6839 0.7072 0.1790
vn 0.3698 0.9241 0.0959
vn 0.3698 0.9242 0.0959
vn 0.1140 0.9930 0.0315
vn 0.0975 -0.9952 0.0114
vn 0.0974 -0.9952 0.0114
vn 0.3807 -0.9239 0.0387
vn 0.3682 -0.9239 0.1042
vn 0.6819 -0.7072 0.1868
vn 0.7039 -0.7073 0.0657
vn 0.6818 -0.7072 0.1868
vn 0.8918 -0.3829 0.2412
vn 0.7040 -0.7072 0.0657
vn 0.9201 -0.3828 0.0827
vn 0.9612 -0.0981 0.2578
vn 0.9201 -0.3827 0.0827
vn 0.9914 -0.0980 0.0870
vn 0.9914 0.0980 0.0864
vn 0.9614 0.0980 0.2572
vn 0.8930 0.3827 0.2369
vn 0.9614 0.0981 0.2572
vn 0.9914 0.0981 0.0865
vn 0.9914 0.0980 0.0865
vn 0.9205 0.3827 0.0783
vn 0.9205 0.3828 0.0783
vn 0.7047 0.7072 0.0575
vn 0.3699 0.9241 0.0959
vn 0.7046 0.7072 0.0575
vn 0.3810 0.9241 0.0293
vn 0.3810 0.9241 0.0294
vn 0.3807 -0.9239 0.0386
vn 0.0980 -0.9952 -0.0057
vn 0.3816 -0.9239 -0.0280
vn 0.7039 -0.7072 0.0657
vn 0.3808 -0.9239 0.0386
vn 0.7046 -0.7073 -0.0575
vn 0.7047 -0.7072 -0.0575
vn 0.9205 -0.3828 -0.0783
vn 0.9914 -0.0980 0.0869
vn 0.9205 -0.3827 -0.0783
vn 0.9914 -0.0980 -0.0864
vn 0.9914 0.0980 -0.0870
vn 0.9914 0.0980 -0.0869
vn 0.9201 0.3827 -0.0827
vn 0.9201 0.3828 -0.0827
vn 0.7040 0.7072 -0.0657
vn 0.3811 0.9241 0.0293
vn 0.7039 0.7072 -0.0657
vn 0.7039 0.7072 -0.0656
vn 0.3805 0.9240 -0.0387
vn 0.3804 0.9240 -0.0387
vn 0.1160 0.9931 -0.0152
vn 0.0979 -0.9952 -0.0057
vn 0.0954 -0.9952 -0.0226
vn 0.0955 -0.9952 -0.0226
vn 0.3709 -0.9239 -0.0938
vn 0.7046 -0.7072 -0.0575
vn 0.3817 -0.9239 -0.0280
vn 0.3710 -0.9239 -0.0938
vn 0.6839 -0.7073 -0.1790
vn 0.6840 -0.7072 -0.1790
vn 0.8929 -0.3828 -0.2369
vn 0.9914 -0.0980 -0.0865
vn 0.8930 -0.3827 -0.2369
vn 0.9614 -0.0980 -0.2573
vn 0.9614 -0.0980 -0.2572
vn 0.9612 0.0980 -0.2578
vn 0.9612 0.0981 -0.2578
vn 0.8918 0.3828 -0.2412
vn 0.8918 0.3829 -0.2412
vn 0.6819 0.7071 -0.1869
vn 0.6819 0.7072 -0.1869
vn 0.6819 0.7072 -0.1868
vn 0.3679 0.9238 -0.1055
vn 0.3679 0.9239 -0.1055
vn 0.0900 -0.9952 -0.0388
vn 0.0901 -0.9952 -0.0388
vn 0.3490 -0.9239 -0.1568
vn 0.3710 -0.9239 -0.0939
vn 0.3491 -0.9239 -0.1568
vn 0.6425 -0.7072 -0.2951
vn 0.8929 -0.3828 -0.2370
vn 0.6425 -0.7072 -0.2952
vn 0.8382 -0.3828 -0.3885
vn 0.8930 -0.3827 -0.2370
vn 0.8382 -0.3827 -0.3885
vn 0.9020 -0.0981 -0.4204
vn 0.9613 -0.0980 -0.2573
vn 0.9020 -0.0980 -0.4204
vn 0.9018 0.0980 -0.4209
vn 0.9018 0.0981 -0.4209
vn 0.8364 0.3827 -0.3925
vn 0.8363 0.3828 -0.3925
vn 0.6391 0.7071 -0.3026
vn 0.3679 0.9238 -0.1056
vn 0.6390 0.7072 -0.3025
vn 0.3438 0.9238 -0.1687
vn 0.3437 0.9238 -0.1687
vn 0.0820 -0.9952 -0.0539
vn 0.3165 -0.9239 -0.2151
vn 0.6424 -0.7072 -0.2952
vn 0.3490 -0.9239 -0.1569
vn 0.3165 -0.9239 -0.2152
vn 0.5815 -0.7072 -0.4021
vn 0.5815 -0.7072 -0.4022
vn 0.7580 -0.3828 -0.5281
vn 0.7580 -0.3827 -0.5281
vn 0.8153 -0.0980 -0.5707
vn 0.9018 0.0980 -0.4210
vn 0.8151 0.0979 -0.5711
vn 0.8363 0.3827 -0.3925
vn 0.9017 0.0981 -0.4210
vn 0.8150 0.0980 -0.5710
vn 0.8150 0.0980 -0.5711
vn 0.7555 0.3827 -0.5318
vn 0.7554 0.3828 -0.5318
vn 0.7555 0.3828 -0.5317
vn 0.5769 0.7071 -0.4089
vn 0.5768 0.7072 -0.4089
vn 0.5768 0.7071 -0.4089
vn 0.3095 0.9237 -0.2257
vn 0.3095 0.9238 -0.2256
vn 0.3094 0.9238 -0.2256
vn 0.0924 0.9930 -0.0730
vn 0.3164 -0.9239 -0.2151
vn 0.2744 -0.9239 -0.2667
vn 0.5030 -0.7071 -0.4970
vn 0.6548 -0.3827 -0.6517
vn 0.6549 -0.3826 -0.6518
vn 0.6549 -0.3826 -0.6517
vn 0.7554 0.3827 -0.5318
vn 0.7036 0.0981 -0.7038
vn 0.5768 0.7071 -0.4090
vn 0.6518 0.3828 -0.6547
vn 0.4972 0.7070 -0.5028
vn 0.2664 0.9238 -0.2750
vn 0.3095 0.9238 -0.2257
vn -0.2743 -0.9239 0.2667
vn -0.1066 -0.9890 0.1023
vn -0.0586 -0.9952 0.0787
vn -0.2238 -0.9239 0.3102
vn -0.5029 -0.7072 0.4969
vn -0.2744 -0.9239 0.2667
vn -0.2238 -0.9239 0.3103
vn -0.4089 -0.7071 0.5769
vn -0.6548 -0.3826 0.6518
vn -0.5029 -0.7072 0.4970
vn -0.5317 -0.3828 0.7555
vn -0.6548 -0.3827 0.6517
vn -0.7040 -0.0981 0.7034
vn -0.5317 -0.3827 0.7555
vn -0.5711 -0.0982 0.8150
vn -0.7040 -0.0982 0.7034
vn -0.7036 0.0980 0.7038
vn -0.5707 0.0981 0.8153
vn -0.6517 0.3827 0.6548
vn -0.5707 0.0982 0.8153
vn -0.5281 0.3827 0.7580
vn -0.6518 0.3827 0.6548
vn -0.4972 0.7071 0.5028
vn -0.6517 0.3828 0.6547
vn -0.5281 0.3828 0.7580
vn -0.4022 0.7070 0.5816
vn -0.4972 0.7070 0.5028
vn -0.2664 0.9238 0.2751
vn -0.4022 0.7071 0.5816
vn -0.2158 0.9239 0.3159
vn -0.0811 0.9930 0.0861
vn -0.2663 0.9238 0.2750
vn -0.2157 0.9240 0.3159
vn -0.2157 0.9240 0.3158
vn -0.0681 0.9929 0.0972
vn -0.0441 -0.9952 0.0876
vn -0.1665 -0.9239 0.3444
vn -0.2238 -0.9240 0.3102
vn -0.4088 -0.7071 0.5769
vn -0.1666 -0.9239 0.3445
vn -0.3025 -0.7071 0.6391
vn -0.4089 -0.7071 0.5770
vn -0.3025 -0.7070 0.6392
vn -0.3025 -0.7071 0.6392
vn -0.3925 -0.3828 0.8363
vn -0.5317 -0.3827 0.7556
vn -0.4208 -0.0982 0.9018
vn -0.5706 0.0981 0.8153
vn -0.4208 -0.0981 0.9018
vn -0.4202 0.0982 0.9021
vn -0.5706 0.0982 0.8153
vn -0.4202 0.0983 0.9021
vn -0.3884 0.3827 0.8383
vn -0.5281 0.3827 0.7581
vn -0.3884 0.3828 0.8382
vn -0.2951 0.7071 0.6426
vn -0.2157 0.9239 0.3159
vn -0.1587 0.9241 0.3477
vn -0.0681 0.9929 0.0973
vn -0.1586 0.9241 0.3477
vn -0.1586 0.9241 0.3476
vn -0.0440 -0.9952 0.0876
vn -0.0282 -0.9952 0.0940
vn -0.1043 -0.9239 0.3681
vn -0.1665 -0.9239 0.3445
vn -0.1043 -0.9239 0.3682
vn -0.1869 -0.7071 0.6819
vn -0.3925 -0.3829 0.8363
vn -0.1870 -0.7071 0.6820
vn -0.2412 -0.3828 0.8918
vn -0.3924 -0.3828 0.8363
vn -0.4207 -0.0982 0.9019
vn -0.2412 -0.3827 0.8918
vn -0.2577 -0.0980 0.9612
vn -0.4201 0.0982 0.9021
vn -0.2572 0.0981 0.9614
vn -0.4201 0.0983 0.9021
vn -0.2573 0.0981 0.9613
vn -0.2371 0.3826 0.8930
vn -0.2951 0.7070 0.6427
vn -0.2371 0.3827 0.8930
vn -0.1790 0.7071 0.6841
vn -0.1790 0.7072 0.6840
vn -0.1790 0.7071 0.6840
vn -0.0960 0.9241 0.3699
vn -0.0959 0.9242 0.3698
vn -0.0960 0.9241 0.3698
vn -0.0316 0.9930 0.1140
vn -0.1042 -0.9239 0.3681
vn -0.0114 -0.9952 0.0974
vn -0.0114 -0.9952 0.0975
vn -0.0387 -0.9239 0.3807
vn -0.0387 -0.9238 0.3808
vn -0.0387 -0.9239 0.3808
vn -0.0656 -0.7071 0.7041
vn -0.2411 -0.3828 0.8918
vn -0.1870 -0.7070 0.6820
vn -0.0656 -0.7070 0.7041
vn -0.0827 -0.3828 0.9201
vn -0.2577 -0.0981 0.9612
vn -0.0827 -0.3827 0.9202
vn -0.0870 -0.0981 0.9914
vn -0.2576 -0.0980 0.9613
vn -0.0871 -0.0980 0.9914
vn -0.0865 0.0980 0.9914
vn -0.2370 0.3826 0.8930
vn -0.0865 0.0981 0.9914
vn -0.0783 0.3827 0.9206
vn -0.0782 0.3828 0.9205
vn -0.0783 0.3827 0.9205
vn -0.0575 0.7071 0.7048
vn -0.0294 0.9240 0.3812
vn -0.0959 0.9241 0.3698
vn -0.0294 0.9241 0.3811
vn -0.0086 0.9931 0.1171
vn 0.0057 -0.9952 0.0980
vn 0.0057 -0.9952 0.0979
vn 0.0280 -0.9239 0.3817
vn 0.0281 -0.9238 0.3818
vn 0.0280 -0.9238 0.3818
vn 0.0575 -0.7071 0.7047
vn 0.0575 -0.7071 0.7048
vn 0.0783 -0.3828 0.9205
vn 0.0783 -0.3827 0.9206
vn 0.0782 -0.3827 0.9206
vn 0.0864 -0.0981 0.9914
vn -0.0870 -0.0980 0.9914
vn 0.0864 -0.0980 0.9914
vn 0.0865 -0.0980 0.9914
vn 0.0870 0.0980 0.9914
vn -0.0864 0.0980 0.9914
vn -0.0782 0.3827 0.9206
vn -0.0864 0.0981 0.9914
vn 0.0870 0.0981 0.9914
vn 0.0827 0.3827 0.9202
vn 0.0827 0.3828 0.9201
vn 0.0656 0.7070 0.7042
vn 0.0656 0.7071 0.7041
vn 0.0656 0.7070 0.7041
vn 0.0387 0.9240 0.3805
vn 0.0281 -0.9239 0.3817
vn 0.0227 -0.9952 0.0955
vn 0.0939 -0.9239 0.3709
vn 0.0575 -0.7072 0.7047
vn 0.0940 -0.9239 0.3710
vn 0.0939 -0.9239 0.3710
vn 0.1790 -0.7072 0.6840
vn 0.0783 -0.3827 0.9205
vn 0.1790 -0.7071 0.6841
vn 0.2370 -0.3827 0.8930
vn 0.0865 -0.0981 0.9914
vn 0.2371 -0.3826 0.8930
vn 0.2370 -0.3826 0.8930
vn 0.2572 -0.0981 0.9614
vn 0.0871 0.0980 0.9914
vn 0.2576 0.0980 0.9613
vn 0.0828 0.3827 0.9202
vn 0.2577 0.0980 0.9613
vn 0.2577 0.0980 0.9612
vn 0.2412 0.3827 0.8918
vn 0.2412 0.3828 0.8918
vn 0.2411 0.3828 0.8918
vn 0.1869 0.7070 0.6820
vn 0.0387 0.9239 0.3806
vn 0.1870 0.7071 0.6820
vn 0.1869 0.7071 0.6820
vn 0.1057 0.9239 0.3679
vn 0.0152 0.9931 0.1160
vn 0.1056 0.9239 0.3678
vn 0.0389 -0.9952 0.0901
vn 0.1568 -0.9239 0.3489
vn 0.1569 -0.9239 0.3490
vn 0.1568 -0.9239 0.3490
vn 0.2951 -0.7071 0.6426
vn 0.2371 -0.3827 0.8929
vn 0.3884 -0.3828 0.8382
vn 0.3884 -0.3827 0.8383
vn 0.4201 -0.0982 0.9021
vn 0.2573 -0.0981 0.9613
vn 0.2573 -0.0981 0.9614
vn 0.4207 0.0982 0.9019
vn 0.3925 0.3828 0.8363
vn 0.1870 0.7070 0.6820
vn 0.3924 0.3828 0.8363
vn 0.3924 0.3829 0.8363
vn 0.3026 0.7070 0.6392
vn 0.3025 0.7071 0.6392
vn 0.1686 0.9238 0.3438
vn 0.1057 0.9238 0.3679
vn 0.0376 0.9931 0.1107
vn 0.1057 0.9239 0.3678
vn 0.1686 0.9238 0.3437
vn 0.0538 -0.9952 0.0820
vn 0.2150 -0.9239 0.3164
vn 0.2150 -0.9239 0.3165
vn 0.4022 -0.7071 0.5816
vn 0.5281 -0.3828 0.7580
vn 0.4202 -0.0983 0.9021
vn 0.5281 -0.3827 0.7581
vn 0.5281 -0.3828 0.7581
vn 0.5706 -0.0982 0.8153
vn 0.4208 0.0981 0.9018
vn 0.4202 -0.0982 0.9021
vn 0.5706 -0.0981 0.8153
vn 0.5711 0.0982 0.8150
vn 0.4208 0.0982 0.9018
vn 0.5317 0.3827 0.7556
vn 0.5317 0.3828 0.7555
vn 0.4089 0.7070 0.5770
vn 0.4089 0.7071 0.5769
vn 0.2257 0.9238 0.3094
vn 0.2256 0.9238 0.3094
vn 0.0539 -0.9952 0.0820
vn 0.0808 -0.9931 0.0856
vn 0.5707 -0.0982 0.8153
vn 0.5281 -0.3827 0.7580
vn 0.6517 -0.3827 0.6548
vn 0.5707 -0.0981 0.8153
vn 0.5317 0.3827 0.7555
vn 0.7040 0.0982 0.7034
vn 0.6548 0.3826 0.6518
vn 0.6548 0.3826 0.6517
vn 0.5029 0.7072 0.4970
vn 0.0730 0.9930 0.0923
vn 0.0730 0.9930 0.0924
vn -0.0585 -0.9952 0.0787
vn -0.0811 -0.9951 0.0568
vn -0.0000 -1.0000 -0.0000
vn -0.0282 -0.9952 0.0939
vn 0.0227 -0.9952 0.0954
vn 0.0389 -0.9952 0.0900
vn 0.0538 -0.9952 0.0819
vn 0.0807 -0.9931 0.0856
vn -0.0891 -0.9951 0.0431
vn 0.0787 -0.9952 0.0585
vn -0.0950 -0.9951 0.0263
vn 0.0939 -0.9952 0.0281
vn -0.0976 -0.9952 0.0071
vn -0.0966 -0.9952 -0.0127
vn -0.0966 -0.9952 -0.0126
vn -0.0923 -0.9952 -0.0313
vn -0.0854 -0.9952 -0.0475
vn -0.0770 -0.9952 -0.0608
vn 0.0819 -0.9952 -0.0538
vn -0.0538 -0.9952 -0.0819
vn -0.0389 -0.9952 -0.0900
vn -0.0227 -0.9952 -0.0954
vn 0.0282 -0.9952 -0.0939
vn 0.0585 -0.9952 -0.0787
vn 0.0819 -0.9952 -0.0539
vn -0.0801 -0.9930 -0.0863
vn -0.0770 -0.9952 -0.0609
vn -0.3094 -0.9238 -0.2257
vn -0.4972 -0.7071 -0.5027
vn -0.3095 -0.9237 -0.2257
vn -0.5768 -0.7072 -0.4089
vn -0.6518 -0.3828 -0.6547
vn -0.5768 -0.7071 -0.4089
vn -0.7554 -0.3828 -0.5318
vn -0.6517 -0.3828 -0.6547
vn -0.7036 -0.0981 -0.7038
vn -0.7555 -0.3827 -0.5318
vn -0.8150 -0.0980 -0.5711
vn -0.8153 0.0980 -0.5707
vn -0.6549 0.3826 -0.6517
vn -0.7040 0.0982 -0.7034
vn -0.7580 0.3827 -0.5281
vn -0.7580 0.3828 -0.5281
vn -0.5815 0.7072 -0.4022
vn -0.5029 0.7072 -0.4969
vn -0.3159 0.9239 -0.2159
vn -0.3158 0.9239 -0.2158
vn -0.3158 0.9239 -0.2159
vn -0.3094 -0.9238 -0.2256
vn -0.3437 -0.9238 -0.1687
vn -0.3438 -0.9238 -0.1687
vn -0.6390 -0.7072 -0.3025
vn -0.7555 -0.3828 -0.5318
vn -0.6391 -0.7072 -0.3025
vn -0.6390 -0.7072 -0.3026
vn -0.8363 -0.3828 -0.3925
vn -0.8150 -0.0980 -0.5710
vn -0.8364 -0.3827 -0.3925
vn -0.9018 -0.0981 -0.4210
vn -0.8151 -0.0980 -0.5710
vn -0.9018 -0.0980 -0.4210
vn -0.9020 0.0980 -0.4204
vn -0.7581 0.3827 -0.5281
vn -0.9020 0.0981 -0.4204
vn -0.8382 0.3827 -0.3885
vn -0.5816 0.7072 -0.4021
vn -0.8382 0.3828 -0.3885
vn -0.6425 0.7071 -0.2952
vn -0.5816 0.7071 -0.4022
vn -0.5815 0.7072 -0.4021
vn -0.6425 0.7072 -0.2952
vn -0.3477 0.9241 -0.1587
vn -0.3159 0.9239 -0.2158
vn -0.3477 0.9241 -0.1586
vn -0.1069 0.9929 -0.0518
vn -0.0973 0.9929 -0.0681
vn -0.3679 -0.9239 -0.1055
vn -0.3679 -0.9238 -0.1056
vn -0.6818 -0.7072 -0.1869
vn -0.6819 -0.7071 -0.1869
vn -0.6819 -0.7072 -0.1869
vn -0.8917 -0.3829 -0.2413
vn -0.8918 -0.3828 -0.2413
vn -0.9612 -0.0980 -0.2578
vn -0.9018 -0.0980 -0.4209
vn -0.9613 0.0980 -0.2573
vn -0.9613 0.0981 -0.2573
vn -0.8929 0.3828 -0.2370
vn -0.6840 0.7072 -0.1790
vn -0.3478 0.9241 -0.1586
vn -0.6424 0.7072 -0.2952
vn -0.6839 0.7072 -0.1790
vn -0.3698 0.9241 -0.0959
vn -0.3698 0.9242 -0.0959
vn -0.0924 -0.9952 -0.0313
vn -0.0967 -0.9952 -0.0127
vn -0.3805 -0.9240 -0.0387
vn -0.3678 -0.9239 -0.1055
vn -0.6818 -0.7072 -0.1868
vn -0.3680 -0.9238 -0.1055
vn -0.7039 -0.7073 -0.0657
vn -0.8918 -0.3829 -0.2412
vn -0.7040 -0.7072 -0.0657
vn -0.7039 -0.7072 -0.0657
vn -0.9201 -0.3828 -0.0827
vn -0.8918 -0.3828 -0.2412
vn -0.9612 -0.0981 -0.2578
vn -0.9201 -0.3827 -0.0827
vn -0.9914 -0.0980 -0.0870
vn -0.9614 0.0980 -0.2573
vn -0.9914 0.0980 -0.0864
vn -0.8930 0.3827 -0.2370
vn -0.9614 0.0981 -0.2573
vn -0.9914 0.0981 -0.0865
vn -0.9914 0.0980 -0.0865
vn -0.9205 0.3827 -0.0783
vn -0.8929 0.3827 -0.2370
vn -0.9205 0.3828 -0.0783
vn -0.7047 0.7072 -0.0575
vn -0.3699 0.9241 -0.0959
vn -0.7046 0.7072 -0.0575
vn -0.3811 0.9241 -0.0294
vn -0.3810 0.9241 -0.0293
vn -0.3810 0.9241 -0.0294
vn -0.0967 -0.9952 -0.0126
vn -0.0977 -0.9952 0.0071
vn -0.3810 -0.9241 0.0293
vn -0.3810 -0.9241 0.0294
vn -0.7046 -0.7072 0.0575
vn -0.7047 -0.7072 0.0575
vn -0.9205 -0.3828 0.0783
vn -0.9914 -0.0980 -0.0869
vn -0.9205 -0.3827 0.0783
vn -0.9914 -0.0980 0.0864
vn -0.9914 0.0980 0.0870
vn -0.9914 0.0980 0.0869
vn -0.9201 0.3828 0.0827
vn -0.7040 0.7072 0.0657
vn -0.3811 0.9241 -0.0293
vn -0.7039 0.7072 0.0657
vn -0.7039 0.7072 0.0656
vn -0.3805 0.9240 0.0387
vn -0.3804 0.9240 0.0387
vn -0.3698 -0.9242 0.0959
vn -0.3811 -0.9241 0.0294
vn -0.3699 -0.9241 0.0959
vn -0.3698 -0.9241 0.0959
vn -0.6839 -0.7073 0.1790
vn -0.7046 -0.7073 0.0575
vn -0.7047 -0.7072 0.0576
vn -0.6840 -0.7072 0.1790
vn -0.6840 -0.7072 0.1789
vn -0.8929 -0.3828 0.2370
vn -0.8930 -0.3827 0.2370
vn -0.9614 -0.0980 0.2573
vn -0.9914 -0.0980 0.0865
vn -0.9612 0.0980 0.2578
vn -0.9612 0.0981 0.2578
vn -0.8918 0.3828 0.2413
vn -0.9201 0.3827 0.0827
vn -0.8917 0.3829 0.2413
vn -0.8918 0.3829 0.2412
vn -0.6819 0.7071 0.1869
vn -0.6819 0.7072 0.1869
vn -0.3679 0.9238 0.1055
vn -0.1160 0.9931 0.0152
vn -0.3679 0.9239 0.1055
vn -0.0892 -0.9951 0.0431
vn -0.3477 -0.9241 0.1586
vn -0.6839 -0.7072 0.1790
vn -0.6424 -0.7072 0.2952
vn -0.6425 -0.7072 0.2952
vn -0.6425 -0.7071 0.2952
vn -0.8382 -0.3828 0.3885
vn -0.9613 -0.0981 0.2573
vn -0.8929 -0.3827 0.2370
vn -0.9020 -0.0981 0.4204
vn -0.9613 -0.0980 0.2573
vn -0.9020 -0.0980 0.4204
vn -0.9018 0.0980 0.4210
vn -0.9018 0.0981 0.4210
vn -0.8364 0.3827 0.3925
vn -0.8363 0.3828 0.3925
vn -0.8363 0.3828 0.3924
vn -0.6391 0.7071 0.3025
vn -0.3679 0.9238 0.1056
vn -0.6390 0.7072 0.3025
vn -0.6391 0.7072 0.3025
vn -0.3438 0.9238 0.1687
vn -0.3679 0.9239 0.1056
vn -0.3437 0.9238 0.1687
vn -0.0892 -0.9951 0.0432
vn -0.3158 -0.9239 0.2158
vn -0.3477 -0.9241 0.1587
vn -0.3159 -0.9239 0.2159
vn -0.5815 -0.7072 0.4021
vn -0.5816 -0.7072 0.4021
vn -0.7580 -0.3828 0.5281
vn -0.8382 -0.3827 0.3885
vn -0.7581 -0.3827 0.5281
vn -0.8153 -0.0980 0.5707
vn -0.8151 0.0980 0.5710
vn -0.9017 0.0980 0.4210
vn -0.8363 0.3827 0.3925
vn -0.9017 0.0981 0.4210
vn -0.8150 0.0980 0.5710
vn -0.7555 0.3827 0.5318
vn -0.6391 0.7071 0.3026
vn -0.7555 0.3828 0.5317
vn -0.5769 0.7071 0.4089
vn -0.5768 0.7072 0.4089
vn -0.3095 0.9237 0.2257
vn -0.3095 0.9238 0.2257
vn -0.3094 0.9238 0.2257
vn -0.0924 0.9930 0.0730
vn -0.5815 -0.7072 0.4022
vn -0.5030 -0.7072 0.4969
vn -0.7580 -0.3827 0.5281
vn -0.6549 -0.3826 0.6518
vn -0.6549 -0.3826 0.6517
vn -0.8150 0.0980 0.5711
vn -0.7036 0.0981 0.7038
vn -0.5768 0.7071 0.4090
vn -0.7554 0.3828 0.5318
vn -0.6517 0.3828 0.6548
vn -0.6518 0.3828 0.6547
vn -0.4973 0.7070 0.5028
vn -0.3094 0.9238 0.2256
vt 0.880900 0.984400
vt 0.909800 0.769800
vt 0.917500 0.765600
vt 0.921300 0.765600
vt 0.915000 0.769800
vt 0.903300 0.781600
vt 0.909800 0.781600
vt 0.899000 0.799400
vt 0.906200 0.799400
vt 0.897400 0.820300
vt 0.905000 0.820300
vt 0.897400 0.929700
vt 0.905000 0.929700
vt 0.899000 0.950600
vt 0.906200 0.950600
vt 0.903300 0.968400
vt 0.909800 0.968400
vt 0.909800 0.980200
vt 0.915000 0.980200
vt 0.917500 0.984400
vt 0.921300 0.984400
vt 0.925500 0.765600
vt 0.921000 0.769800
vt 0.917100 0.781600
vt 0.914500 0.799400
vt 0.913600 0.820300
vt 0.913600 0.929700
vt 0.914500 0.950600
vt 0.917100 0.968400
vt 0.921000 0.980200
vt 0.925500 0.984400
vt 0.930200 0.765600
vt 0.927400 0.769800
vt 0.925000 0.781600
vt 0.923400 0.799400
vt 0.922800 0.820300
vt 0.922800 0.929700
vt 0.923400 0.950600
vt 0.925000 0.968400
vt 0.927400 0.980200
vt 0.930200 0.984400
vt 0.935000 0.765600
vt 0.934100 0.769800
vt 0.933300 0.781600
vt 0.932800 0.799400
vt 0.932600 0.820300
vt 0.932600 0.929700
vt 0.932800 0.950600
vt 0.933300 0.968400
vt 0.934100 0.980200
vt 0.935000 0.984400
vt 0.940000 0.765600
vt 0.940900 0.769800
vt 0.941700 0.781600
vt 0.942200 0.799400
vt 0.942400 0.820300
vt 0.942400 0.929700
vt 0.942200 0.950600
vt 0.941700 0.968400
vt 0.940900 0.980200
vt 0.940000 0.984400
vt 0.944800 0.765600
vt 0.947600 0.769800
vt 0.950000 0.781600
vt 0.951600 0.799400
vt 0.952200 0.820300
vt 0.952200 0.929700
vt 0.951600 0.950600
vt 0.950000 0.968400
vt 0.947600 0.980200
vt 0.944800 0.984400
vt 0.949500 0.765600
vt 0.954000 0.769800
vt 0.957900 0.781600
vt 0.960500 0.799400
vt 0.961400 0.820300
vt 0.961400 0.929700
vt 0.960500 0.950600
vt 0.957900 0.968400
vt 0.954000 0.980200
vt 0.949500 0.984400
vt 0.953700 0.765600
vt 0.960000 0.769800
vt 0.965200 0.781600
vt 0.968800 0.799400
vt 0.970000 0.820300
vt 0.970000 0.929700
vt 0.968800 0.950600
vt 0.965200 0.968400
vt 0.960000 0.980200
vt 0.953700 0.984400
vt 0.957500 0.765600
vt 0.965200 0.769800
vt 0.971700 0.781600
vt 0.976000 0.799400
vt 0.977600 0.820300
vt 0.977600 0.929700
vt 0.976000 0.950600
vt 0.971700 0.968400
vt 0.965200 0.980200
vt 0.957500 0.984400
s 1
usemtl Material.001
f 486/133/139 485/133/140 484/133/141
f 489/133/141 488/133/142 487/133/139
f 492/133/143 491/133/144 490/133/145
f 495/133/145 494/133/146 493/133/143
f 498/133/147 497/133/148 496/133/149
f 501/133/146 500/133/150 499/133/151
f 504/133/152 503/133/147 502/133/153
f 507/133/153 506/133/154 505/133/152
f 510/133/155 509/133/152 508/133/154
f 513/133/154 512/133/156 511/133/155
f 516/133/157 515/133/155 514/133/158
f 519/133/158 518/133/159 517/133/160
f 522/133/161 521/133/162 520/133/163
f 525/133/163 524/133/164 523/133/165
f 528/133/166 527/133/161 526/133/164
f 531/133/164 530/133/167 529/133/166
f 534/133/168 533/133/169 532/133/170
f 537/133/171 536/133/172 535/133/168
f 540/133/145 539/133/141 538/133/173
f 543/133/173 542/133/174 541/133/175
f 546/133/176 545/133/145 544/133/177
f 549/133/177 548/133/178 547/133/146
f 552/133/150 551/133/146 550/133/179
f 555/133/180 554/133/181 553/133/150
f 558/133/154 557/133/153 556/133/182
f 561/133/182 560/133/183 559/133/154
f 564/133/184 563/133/154 562/133/183
f 567/133/185 566/133/186 565/133/184
f 570/133/159 569/133/187 568/133/188
f 573/133/188 572/133/189 571/133/190
f 576/133/191 575/133/163 574/133/192
f 579/133/192 578/133/193 577/133/194
f 582/133/167 581/133/164 580/133/193
f 585/133/193 584/133/195 583/133/167
f 588/133/172 587/133/171 586/133/196
f 591/133/197 590/133/198 589/133/172
f 594/133/174 593/133/199 592/133/200
f 597/133/200 596/133/201 595/133/174
f 600/133/178 599/133/177 598/133/202
f 603/133/202 602/133/203 601/133/178
f 606/133/181 605/133/204 604/133/205
f 609/133/205 608/133/206 607/133/182
f 612/133/207 611/133/182 610/133/208
f 615/133/208 614/133/209 613/133/207
f 618/133/210 617/133/207 616/133/211
f 621/133/211 620/133/212 619/133/210
f 624/133/189 623/133/213 622/133/214
f 627/133/212 626/133/215 625/133/189
f 630/133/216 629/133/192 628/133/217
f 633/133/218 632/133/219 631/133/216
f 636/133/196 635/133/193 634/133/220
f 639/133/221 638/133/222 637/133/196
f 642/133/223 641/133/197 640/133/224
f 645/133/225 644/133/226 643/133/223
f 648/133/227 647/133/200 646/133/228
f 651/133/229 650/133/230 649/133/201
f 654/133/231 653/133/202 652/133/232
f 657/133/232 656/133/233 655/133/231
f 660/133/234 659/133/235 658/133/236
f 663/133/236 662/133/237 661/133/206
f 666/133/238 665/133/208 664/133/239
f 669/133/239 668/133/240 667/133/241
f 672/133/212 671/133/242 670/133/243
f 675/133/244 674/133/245 673/133/212
f 678/133/246 677/133/212 676/133/247
f 681/133/247 680/133/248 679/133/246
f 684/133/219 683/133/218 682/133/249
f 687/133/250 686/133/251 685/133/219
f 690/133/252 689/133/221 688/133/253
f 693/133/251 692/133/254 691/133/252
f 696/133/226 695/133/224 694/133/255
f 699/133/255 698/133/256 697/133/226
f 702/133/230 701/133/228 700/133/257
f 705/133/257 704/133/258 703/133/230
f 708/133/233 707/133/259 706/133/260
f 711/133/261 710/133/262 709/133/233
f 714/133/237 713/133/236 712/133/263
f 717/133/263 716/133/264 715/133/237
f 720/133/265 719/133/239 718/133/266
f 723/133/267 722/133/268 721/133/265
f 726/133/245 725/133/244 724/133/269
f 729/133/269 728/133/270 727/133/271
f 732/133/272 731/133/273 730/133/274
f 735/133/274 734/133/275 733/133/248
f 738/133/251 737/133/249 736/133/276
f 741/133/276 740/133/277 739/133/251
f 744/133/278 743/133/251 742/133/277
f 747/133/279 746/133/280 745/133/281
f 750/133/282 749/133/283 748/133/284
f 753/133/284 752/133/285 751/133/286
f 756/133/258 755/133/287 754/133/288
f 759/133/288 758/133/289 757/133/258
f 762/133/262 761/133/260 760/133/290
f 765/133/290 764/133/291 763/133/262
f 768/133/292 767/133/263 766/133/293
f 771/133/293 770/133/294 769/133/295
f 774/133/296 773/133/266 772/133/297
f 777/133/297 776/133/298 775/133/296
f 780/133/270 779/133/299 778/133/298
f 783/133/298 782/133/300 781/133/301
f 786/133/275 785/133/302 784/133/303
f 789/133/304 788/133/305 787/133/275
f 792/133/306 791/133/276 790/133/307
f 795/133/308 794/133/309 793/133/306
f 798/133/310 797/133/279 796/133/311
f 801/133/311 800/133/312 799/133/310
f 804/133/285 803/133/284 802/133/313
f 807/133/313 806/133/314 805/133/285
f 810/133/289 809/133/288 808/133/315
f 813/133/315 812/133/316 811/133/289
f 816/133/291 815/133/317 814/133/318
f 819/133/319 818/133/320 817/133/291
f 822/133/321 821/133/293 820/133/320
f 825/133/320 824/133/322 823/133/294
f 828/133/298 827/133/323 826/133/324
f 831/133/324 830/133/325 829/133/298
f 834/133/326 833/133/298 832/133/327
f 837/133/327 836/133/328 835/133/326
f 840/133/305 839/133/329 838/133/328
f 843/133/330 842/133/331 841/133/305
f 846/133/309 845/133/307 844/133/331
f 849/133/332 848/133/333 847/133/309
f 852/133/312 851/133/334 850/133/335
f 855/133/335 854/133/336 853/133/312
f 858/133/314 857/133/313 856/133/337
f 861/133/337 860/133/338 859/133/314
f 864/133/316 863/133/315 862/133/339
f 867/133/340 866/133/341 865/133/316
f 870/133/320 869/133/318 868/133/341
f 873/133/341 872/133/342 871/133/320
f 876/133/322 875/133/320 874/133/342
f 879/133/342 878/133/343 877/133/322
f 882/133/344 881/133/324 880/133/345
f 885/133/346 884/133/347 883/133/344
f 888/133/348 887/133/349 886/133/350
f 891/133/350 890/133/351 889/133/348
f 894/133/331 893/133/352 892/133/351
f 897/133/351 896/133/353 895/133/331
f 900/133/354 899/133/331 898/133/355
f 903/133/355 902/133/356 901/133/354
f 906/133/336 905/133/357 904/133/358
f 909/133/358 908/133/359 907/133/336
f 912/133/338 911/133/337 910/133/360
f 915/133/361 914/133/362 913/133/338
f 918/133/341 917/133/340 916/133/363
f 921/133/364 920/133/365 919/133/341
f 924/133/342 923/133/341 922/133/366
f 927/133/367 926/133/368 925/133/342
f 930/133/343 929/133/342 928/133/368
f 933/133/368 932/133/369 931/133/343
f 936/133/370 935/133/371 934/133/372
f 939/133/373 938/133/374 937/133/370
f 942/133/351 941/133/375 940/133/374
f 945/133/374 944/133/376 943/133/351
f 948/133/377 947/133/351 946/133/376
f 951/133/376 950/133/378 949/133/377
f 954/133/356 953/133/377 952/133/379
f 957/133/380 956/133/381 955/133/356
f 960/133/359 959/133/358 958/133/382
f 963/133/382 962/133/383 961/133/359
f 966/133/362 965/133/360 964/133/384
f 969/133/384 968/133/385 967/133/362
f 972/133/386 971/133/385 970/133/387
f 975/133/386 974/133/387 973/133/388
f 978/133/386 977/133/389 976/133/390
f 981/133/386 980/133/390 979/133/391
f 984/133/386 983/133/391 982/133/392
f 987/133/386 986/133/392 985/133/393
f 990/133/386 989/133/394 988/133/395
f 993/133/386 992/133/395 991/133/396
f 996/133/386 995/133/397 994/133/398
f 999/133/386 998/133/398 997/133/399
f 1002/133/386 1001/133/399 1000/133/400
f 1005/133/386 1004/133/401 1003/133/402
f 1008/133/386 1007/133/402 1006/133/403
f 1011/133/386 1010/133/403 1009/133/404
f 1014/133/386 1013/133/404 1012/133/405
f 1017/133/386 1016/133/405 1015/133/406
f 1020/133/386 1019/133/406 1018/133/407
f 1023/133/386 1022/133/407 1021/133/408
f 1026/133/386 1025/133/408 1024/133/409
f 1029/133/386 1028/133/409 1027/133/410
f 1032/133/386 1031/133/411 1030/133/412
f 1035/133/386 1034/133/412 1033/133/413
f 1038/133/386 1037/133/413 1036/133/414
f 1041/133/386 1040/133/414 1039/133/415
f 1044/133/386 1043/133/416 1042/133/417
f 1047/133/386 1046/133/417 1045/133/418
f 1050/133/386 1049/133/418 1048/133/419
f 1053/133/386 1052/133/168 1051/133/420
f 1056/133/386 1055/133/420 1054/133/223
f 1059/133/386 1058/133/223 1057/133/421
f 1062/133/386 1061/133/421 1060/133/282
f 1065/133/386 1064/133/282 1063/133/422
f 1068/133/386 1067/133/422 1066/133/423
f 1071/133/386 1070/133/423 1069/133/424
f 1074/133/386 1073/133/424 1072/133/425
f 1077/133/386 1076/133/425 1075/133/385
f 1080/133/426 1079/133/427 1078/133/428
f 1083/133/428 1082/133/429 1081/133/430
f 1086/133/431 1085/133/432 1084/133/433
f 1089/133/433 1088/133/434 1087/133/431
f 1092/133/435 1091/133/431 1090/133/436
f 1095/133/437 1094/133/438 1093/133/439
f 1098/133/440 1097/133/441 1096/133/442
f 1101/133/443 1100/133/444 1099/133/440
f 1104/133/445 1103/133/446 1102/133/444
f 1107/133/444 1106/133/447 1105/133/445
f 1110/133/448 1109/133/445 1108/133/447
f 1113/133/447 1112/133/449 1111/133/450
f 1116/133/451 1115/133/452 1114/133/453
f 1119/133/453 1118/133/454 1117/133/451
f 1122/133/455 1121/133/456 1120/133/457
f 1125/133/457 1124/133/458 1123/133/455
f 1128/133/459 1127/133/455 1126/133/460
f 1131/133/461 1130/133/409 1129/133/462
f 1134/133/429 1133/133/428 1132/133/463
f 1137/133/464 1136/133/465 1135/133/429
f 1140/133/434 1139/133/466 1138/133/467
f 1143/133/467 1142/133/468 1141/133/434
f 1146/133/469 1145/133/436 1144/133/470
f 1149/133/470 1148/133/471 1147/133/438
f 1152/133/472 1151/133/443 1150/133/473
f 1155/133/473 1154/133/474 1153/133/444
f 1158/133/447 1157/133/475 1156/133/476
f 1161/133/476 1160/133/477 1159/133/447
f 1164/133/478 1163/133/447 1162/133/477
f 1167/133/479 1166/133/480 1165/133/478
f 1170/133/454 1169/133/453 1168/133/481
f 1173/133/481 1172/133/482 1171/133/483
f 1176/133/458 1175/133/457 1174/133/484
f 1179/133/485 1178/133/486 1177/133/458
f 1182/133/409 1181/133/487 1180/133/486
f 1185/133/486 1184/133/488 1183/133/489
f 1188/133/465 1187/133/490 1186/133/491
f 1191/133/492 1190/133/493 1189/133/465
f 1194/133/468 1193/133/467 1192/133/494
f 1197/133/494 1196/133/495 1195/133/468
f 1200/133/471 1199/133/470 1198/133/496
f 1203/133/496 1202/133/497 1201/133/498
f 1206/133/499 1205/133/473 1204/133/497
f 1209/133/500 1208/133/501 1207/133/499
f 1212/133/477 1211/133/502 1210/133/501
f 1215/133/501 1214/133/503 1213/133/477
f 1218/133/480 1217/133/477 1216/133/503
f 1221/133/503 1220/133/504 1219/133/480
f 1224/133/505 1223/133/481 1222/133/506
f 1227/133/507 1226/133/508 1225/133/482
f 1230/133/509 1229/133/484 1228/133/508
f 1233/133/510 1232/133/511 1231/133/509
f 1236/133/411 1235/133/486 1234/133/512
f 1239/133/512 1238/133/513 1237/133/411
f 1242/133/493 1241/133/491 1240/133/514
f 1245/133/515 1244/133/516 1243/133/517
f 1248/133/518 1247/133/494 1246/133/516
f 1251/133/516 1250/133/519 1249/133/520
f 1254/133/521 1253/133/496 1252/133/522
f 1257/133/522 1256/133/523 1255/133/497
f 1260/133/524 1259/133/497 1258/133/525
f 1263/133/523 1262/133/526 1261/133/524
f 1266/133/503 1265/133/501 1264/133/526
f 1269/133/526 1268/133/527 1267/133/528
f 1272/133/529 1271/133/530 1270/133/531
f 1275/133/532 1274/133/533 1273/133/506
f 1278/133/508 1277/133/506 1276/133/534
f 1281/133/534 1280/133/535 1279/133/508
f 1284/133/536 1283/133/508 1282/133/535
f 1287/133/537 1286/133/538 1285/133/511
f 1290/133/412 1289/133/512 1288/133/538
f 1293/133/539 1292/133/413 1291/133/412
f 1296/133/540 1295/133/515 1294/133/541
f 1299/133/541 1298/133/542 1297/133/516
f 1302/133/543 1301/133/544 1300/133/542
f 1305/133/542 1304/133/545 1303/133/543
f 1308/133/523 1307/133/522 1306/133/546
f 1311/133/546 1310/133/547 1309/133/523
f 1314/133/548 1313/133/525 1312/133/549
f 1317/133/549 1316/133/550 1315/133/548
f 1320/133/527 1319/133/526 1318/133/550
f 1323/133/550 1322/133/551 1321/133/527
f 1326/133/533 1325/133/527 1324/133/552
f 1329/133/552 1328/133/553 1327/133/533
f 1332/133/535 1331/133/534 1330/133/554
f 1335/133/554 1334/133/555 1333/133/535
f 1338/133/556 1337/133/535 1336/133/557
f 1341/133/558 1340/133/559 1339/133/556
f 1344/133/413 1343/133/538 1342/133/560
f 1347/133/560 1346/133/561 1345/133/413
f 1350/133/542 1349/133/562 1348/133/563
f 1353/133/564 1352/133/565 1351/133/542
f 1356/133/566 1355/133/567 1354/133/568
f 1359/133/568 1358/133/569 1357/133/545
f 1362/133/547 1361/133/546 1360/133/570
f 1365/133/570 1364/133/571 1363/133/547
f 1368/133/572 1367/133/549 1366/133/573
f 1371/133/573 1370/133/574 1369/133/572
f 1374/133/551 1373/133/550 1372/133/575
f 1377/133/575 1376/133/576 1375/133/551
f 1380/133/554 1379/133/551 1378/133/577
f 1383/133/577 1382/133/578 1381/133/553
f 1386/133/555 1385/133/554 1384/133/578
f 1389/133/579 1388/133/580 1387/133/555
f 1392/133/559 1391/133/557 1390/133/581
f 1395/133/582 1394/133/583 1393/133/559
f 1398/133/561 1397/133/560 1396/133/584
f 1401/133/584 1400/133/416 1399/133/561
f 1404/133/565 1403/133/563 1402/133/585
f 1407/133/586 1406/133/587 1405/133/565
f 1410/133/569 1409/133/588 1408/133/589
f 1413/133/589 1412/133/590 1411/133/570
f 1416/133/591 1415/133/570 1414/133/592
f 1419/133/592 1418/133/593 1417/133/571
f 1422/133/574 1421/133/594 1420/133/595
f 1425/133/593 1424/133/596 1423/133/597
f 1428/133/576 1427/133/574 1426/133/598
f 1431/133/598 1430/133/599 1429/133/576
f 1434/133/578 1433/133/576 1432/133/600
f 1437/133/600 1436/133/601 1435/133/578
f 1440/133/581 1439/133/578 1438/133/602
f 1443/133/602 1442/133/603 1441/133/580
f 1446/133/604 1445/133/581 1444/133/605
f 1449/133/605 1448/133/606 1447/133/604
f 1452/133/416 1451/133/584 1450/133/607
f 1455/133/606 1454/133/417 1453/133/416
f 1458/133/587 1457/133/585 1456/133/608
f 1461/133/608 1460/133/609 1459/133/587
f 1464/133/610 1463/133/611 1462/133/612
f 1467/133/612 1466/133/613 1465/133/610
f 1470/133/593 1469/133/592 1468/133/614
f 1473/133/614 1472/133/615 1471/133/593
f 1476/133/598 1475/133/593 1474/133/616
f 1479/133/616 1478/133/617 1477/133/598
f 1482/133/618 1481/133/598 1480/133/617
f 1485/133/617 1484/133/619 1483/133/618
f 1488/133/620 1487/133/621 1486/133/622
f 1491/133/623 1490/133/624 1489/133/620
f 1494/133/603 1493/133/602 1492/133/625
f 1497/133/626 1496/133/627 1495/133/603
f 1500/133/606 1499/133/605 1498/133/628
f 1503/133/629 1502/133/630 1501/133/606
f 1506/133/417 1505/133/607 1504/133/631
f 1509/133/632 1508/133/633 1507/133/417
f 1512/133/609 1511/133/608 1510/133/140
f 1515/133/140 1514/133/139 1513/133/634
f 1518/133/614 1517/133/612 1516/133/144
f 1521/133/635 1520/133/143 1519/133/613
f 1524/133/615 1523/133/614 1522/133/636
f 1527/133/148 1526/133/637 1525/133/615
f 1530/133/617 1529/133/616 1528/133/638
f 1533/133/639 1532/133/152 1531/133/617
f 1536/133/623 1535/133/617 1534/133/152
f 1539/133/152 1538/133/155 1537/133/623
f 1542/133/640 1541/133/623 1540/133/641
f 1545/133/641 1544/133/160 1543/133/640
f 1548/133/642 1547/133/625 1546/133/162
f 1551/133/643 1550/133/644 1549/133/629
f 1554/133/630 1553/133/628 1552/133/161
f 1557/133/161 1556/133/645 1555/133/630
f 1560/133/633 1559/133/646 1558/133/169
f 1563/133/169 1562/133/168 1561/133/633
f 1566/133/647 1565/133/648 1564/133/649
f 1569/133/649 1568/133/650 1567/133/647
f 1572/133/651 1571/133/652 1570/133/653
f 1575/133/653 1574/133/654 1573/133/651
f 1578/133/655 1577/133/656 1576/133/654
f 1581/133/654 1580/133/657 1579/133/658
f 1584/133/659 1583/133/655 1582/133/660
f 1587/133/660 1586/133/661 1585/133/662
f 1590/133/663 1589/133/659 1588/133/661
f 1593/133/661 1592/133/664 1591/133/663
f 1596/133/665 1595/133/663 1594/133/666
f 1599/133/666 1598/133/667 1597/133/668
f 1602/133/669 1601/133/670 1600/133/671
f 1605/133/671 1604/133/672 1603/133/673
f 1608/133/674 1607/133/669 1606/133/675
f 1611/133/675 1610/133/676 1609/133/674
f 1614/133/677 1613/133/678 1612/133/679
f 1617/133/680 1616/133/681 1615/133/398
f 1620/133/653 1619/133/649 1618/133/682
f 1623/133/682 1622/133/683 1621/133/684
f 1626/133/685 1625/133/653 1624/133/686
f 1629/133/686 1628/133/687 1627/133/654
f 1632/133/657 1631/133/688 1630/133/689
f 1635/133/690 1634/133/691 1633/133/657
f 1638/133/661 1637/133/692 1636/133/691
f 1641/133/691 1640/133/693 1639/133/661
f 1644/133/694 1643/133/661 1642/133/693
f 1647/133/695 1646/133/696 1645/133/694
f 1650/133/667 1649/133/697 1648/133/698
f 1653/133/698 1652/133/699 1651/133/700
f 1656/133/672 1655/133/671 1654/133/701
f 1659/133/701 1658/133/702 1657/133/675
f 1662/133/703 1661/133/675 1660/133/702
f 1665/133/702 1664/133/704 1663/133/676
f 1668/133/705 1667/133/680 1666/133/706
f 1671/133/707 1670/133/401 1669/133/705
f 1674/133/683 1673/133/708 1672/133/709
f 1677/133/709 1676/133/710 1675/133/683
f 1680/133/687 1679/133/711 1678/133/712
f 1683/133/712 1682/133/713 1681/133/687
f 1686/133/714 1685/133/689 1684/133/715
f 1689/133/715 1688/133/716 1687/133/717
f 1692/133/718 1691/133/691 1690/133/719
f 1695/133/719 1694/133/720 1693/133/718
f 1698/133/721 1697/133/718 1696/133/720
f 1701/133/720 1700/133/722 1699/133/721
f 1704/133/699 1703/133/723 1702/133/724
f 1707/133/722 1706/133/725 1705/133/699
f 1710/133/726 1709/133/701 1708/133/727
f 1713/133/727 1712/133/728 1711/133/702
f 1716/133/706 1715/133/702 1714/133/729
f 1719/133/730 1718/133/731 1717/133/706
f 1722/133/401 1721/133/706 1720/133/732
f 1725/133/733 1724/133/734 1723/133/401
f 1728/133/735 1727/133/709 1726/133/736
f 1731/133/737 1730/133/738 1729/133/735
f 1734/133/713 1733/133/712 1732/133/739
f 1737/133/740 1736/133/741 1735/133/713
f 1740/133/742 1739/133/743 1738/133/744
f 1743/133/744 1742/133/745 1741/133/716
f 1746/133/746 1745/133/719 1744/133/747
f 1749/133/747 1748/133/748 1747/133/749
f 1752/133/722 1751/133/749 1750/133/750
f 1755/133/750 1754/133/751 1753/133/722
f 1758/133/752 1757/133/722 1756/133/753
f 1761/133/753 1760/133/754 1759/133/725
f 1764/133/728 1763/133/727 1762/133/755
f 1767/133/756 1766/133/757 1765/133/728
f 1770/133/731 1769/133/730 1768/133/757
f 1773/133/757 1772/133/758 1771/133/731
f 1776/133/402 1775/133/759 1774/133/760
f 1779/133/760 1778/133/761 1777/133/402
f 1782/133/738 1781/133/736 1780/133/762
f 1785/133/763 1784/133/764 1783/133/738
f 1788/133/741 1787/133/740 1786/133/765
f 1791/133/766 1790/133/767 1789/133/741
f 1794/133/745 1793/133/744 1792/133/768
f 1797/133/768 1796/133/769 1795/133/745
f 1800/133/748 1799/133/747 1798/133/770
f 1803/133/771 1802/133/772 1801/133/773
f 1806/133/751 1805/133/773 1804/133/774
f 1809/133/775 1808/133/776 1807/133/777
f 1812/133/778 1811/133/779 1810/133/776
f 1815/133/780 1814/133/781 1813/133/754
f 1818/133/757 1817/133/755 1816/133/782
f 1821/133/782 1820/133/783 1819/133/757
f 1824/133/758 1823/133/757 1822/133/784
f 1827/133/785 1826/133/786 1825/133/758
f 1830/133/403 1829/133/760 1828/133/786
f 1833/133/786 1832/133/404 1831/133/403
f 1836/133/787 1835/133/763 1834/133/788
f 1839/133/788 1838/133/789 1837/133/764
f 1842/133/790 1841/133/765 1840/133/791
f 1845/133/792 1844/133/793 1843/133/767
f 1848/133/794 1847/133/768 1846/133/795
f 1851/133/795 1850/133/796 1849/133/769
f 1854/133/797 1853/133/770 1852/133/798
f 1857/133/799 1856/133/800 1855/133/797
f 1860/133/801 1859/133/775 1858/133/800
f 1863/133/800 1862/133/802 1861/133/801
f 1866/133/803 1865/133/780 1864/133/804
f 1869/133/805 1868/133/806 1867/133/781
f 1872/133/785 1871/133/782 1870/133/807
f 1875/133/808 1874/133/809 1873/133/785
f 1878/133/810 1877/133/784 1876/133/811
f 1881/133/812 1880/133/813 1879/133/810
f 1884/133/814 1883/133/786 1882/133/815
f 1887/133/815 1886/133/405 1885/133/404
f 1890/133/789 1889/133/788 1888/133/816
f 1893/133/816 1892/133/817 1891/133/789
f 1896/133/793 1895/133/791 1894/133/818
f 1899/133/819 1898/133/820 1897/133/793
f 1902/133/821 1901/133/795 1900/133/820
f 1905/133/820 1904/133/822 1903/133/796
f 1908/133/800 1907/133/798 1906/133/823
f 1911/133/823 1910/133/824 1909/133/825
f 1914/133/805 1913/133/826 1912/133/824
f 1917/133/824 1916/133/827 1915/133/805
f 1920/133/806 1919/133/805 1918/133/827
f 1923/133/827 1922/133/828 1921/133/806
f 1926/133/829 1925/133/807 1924/133/830
f 1929/133/831 1928/133/832 1927/133/829
f 1932/133/813 1931/133/811 1930/133/833
f 1935/133/833 1934/133/834 1933/133/835
f 1938/133/836 1937/133/837 1936/133/834
f 1941/133/838 1940/133/406 1939/133/405
f 1944/133/817 1943/133/816 1942/133/839
f 1947/133/839 1946/133/840 1945/133/817
f 1950/133/820 1949/133/819 1948/133/841
f 1953/133/841 1952/133/842 1951/133/820
f 1956/133/822 1955/133/820 1954/133/842
f 1959/133/842 1958/133/843 1957/133/822
f 1962/133/844 1961/133/823 1960/133/845
f 1965/133/846 1964/133/847 1963/133/824
f 1968/133/848 1967/133/849 1966/133/850
f 1971/133/850 1970/133/851 1969/133/848
f 1974/133/828 1973/133/852 1972/133/851
f 1977/133/851 1976/133/853 1975/133/828
f 1980/133/832 1979/133/828 1978/133/854
f 1983/133/854 1982/133/855 1981/133/832
f 1986/133/834 1985/133/833 1984/133/856
f 1989/133/856 1988/133/857 1987/133/834
f 1992/133/406 1991/133/838 1990/133/858
f 1995/133/858 1994/133/407 1993/133/406
f 1998/133/841 1997/133/859 1996/133/427
f 2001/133/860 2000/133/430 1999/133/841
f 2004/133/842 2003/133/841 2002/133/432
f 2007/133/432 2006/133/431 2005/133/842
f 2010/133/843 2009/133/842 2008/133/431
f 2013/133/431 2012/133/439 2011/133/843
f 2016/133/861 2015/133/862 2014/133/863
f 2019/133/863 2018/133/446 2017/133/861
f 2022/133/851 2021/133/864 2020/133/446
f 2025/133/446 2024/133/445 2023/133/851
f 2028/133/865 2027/133/851 2026/133/866
f 2031/133/445 2030/133/867 2029/133/865
f 2034/133/855 2033/133/865 2032/133/867
f 2037/133/868 2036/133/451 2035/133/855
f 2040/133/857 2039/133/856 2038/133/456
f 2043/133/869 2042/133/455 2041/133/857
f 2046/133/870 2045/133/858 2044/133/455
f 2049/133/455 2048/133/459 2047/133/871
f 2052/133/872 2051/133/648 2050/133/873
f 2055/133/873 2054/133/874 2053/133/872
f 2058/133/708 2057/133/872 2056/133/874
f 2061/133/874 2060/133/874 2059/133/708
f 2064/133/875 2063/133/708 2062/133/874
f 2067/133/874 2066/133/874 2065/133/875
f 2070/133/736 2069/133/875 2068/133/874
f 2073/133/874 2072/133/874 2071/133/736
f 2076/133/763 2075/133/736 2074/133/874
f 2079/133/874 2078/133/874 2077/133/763
f 2082/133/876 2081/133/763 2080/133/874
f 2085/133/874 2084/133/874 2083/133/876
f 2088/133/877 2087/133/876 2086/133/874
f 2091/133/874 2090/133/874 2089/133/877
f 2094/133/878 2093/133/877 2092/133/874
f 2097/133/874 2096/133/874 2095/133/878
f 2100/133/879 2099/133/878 2098/133/874
f 2103/133/874 2102/133/428 2101/133/879
f 2106/133/874 2105/133/873 2104/133/880
f 2109/133/880 2108/133/874 2107/133/874
f 2112/133/874 2111/133/874 2110/133/874
f 2115/133/874 2114/133/874 2113/133/874
f 2118/133/874 2117/133/874 2116/133/874
f 2121/133/874 2120/133/874 2119/133/874
f 2124/133/874 2123/133/874 2122/133/874
f 2127/133/874 2126/133/874 2125/133/874
f 2130/133/874 2129/133/874 2128/133/874
f 2133/133/874 2132/133/874 2131/133/874
f 2136/133/874 2135/133/874 2134/133/874
f 2139/133/874 2138/133/874 2137/133/874
f 2142/133/874 2141/133/874 2140/133/874
f 2145/133/874 2144/133/874 2143/133/874
f 2148/133/874 2147/133/874 2146/133/874
f 2151/133/874 2150/133/874 2149/133/874
f 2154/133/881 2153/133/874 2152/133/874
f 2157/133/874 2156/133/464 2155/133/881
f 2160/133/874 2159/133/880 2158/133/882
f 2163/133/882 2162/133/874 2161/133/874
f 2166/133/874 2165/133/874 2164/133/874
f 2169/133/874 2168/133/874 2167/133/874
f 2172/133/874 2171/133/874 2170/133/874
f 2175/133/874 2174/133/874 2173/133/874
f 2178/133/874 2177/133/874 2176/133/874
f 2181/133/874 2180/133/874 2179/133/874
f 2184/133/874 2183/133/874 2182/133/874
f 2187/133/874 2186/133/874 2185/133/874
f 2190/133/874 2189/133/874 2188/133/874
f 2193/133/874 2192/133/874 2191/133/874
f 2196/133/874 2195/133/874 2194/133/874
f 2199/133/874 2198/133/874 2197/133/874
f 2202/133/874 2201/133/874 2200/133/874
f 2205/133/874 2204/133/874 2203/133/874
f 2208/133/464 2207/133/874 2206/133/874
f 2211/133/874 2210/133/883 2209/133/464
f 2214/133/874 2213/133/882 2212/133/884
f 2217/133/884 2216/133/874 2215/133/874
f 2220/133/874 2219/133/874 2218/133/874
f 2223/133/874 2222/133/874 2221/133/874
f 2226/133/874 2225/133/874 2224/133/874
f 2229/133/874 2228/133/874 2227/133/874
f 2232/133/874 2231/133/874 2230/133/874
f 2235/133/874 2234/133/874 2233/133/874
f 2238/133/874 2237/133/874 2236/133/874
f 2241/133/874 2240/133/874 2239/133/874
f 2244/133/874 2243/133/874 2242/133/874
f 2247/133/874 2246/133/874 2245/133/874
f 2250/133/874 2249/133/874 2248/133/874
f 2253/133/874 2252/133/874 2251/133/874
f 2256/133/874 2255/133/874 2254/133/874
f 2259/133/874 2258/133/874 2257/133/874
f 2262/133/883 2261/133/874 2260/133/874
f 2265/133/874 2264/133/515 2263/133/883
f 2268/133/874 2267/133/884 2266/133/885
f 2271/133/886 2270/133/874 2269/133/874
f 2274/133/874 2273/133/874 2272/133/874
f 2277/133/874 2276/133/874 2275/133/874
f 2280/133/874 2279/133/874 2278/133/874
f 2283/133/874 2282/133/874 2281/133/874
f 2286/133/874 2285/133/874 2284/133/874
f 2289/133/874 2288/133/874 2287/133/874
f 2292/133/874 2291/133/874 2290/133/874
f 2295/133/874 2294/133/874 2293/133/874
f 2298/133/874 2297/133/874 2296/133/874
f 2301/133/874 2300/133/874 2299/133/874
f 2304/133/874 2303/133/874 2302/133/874
f 2307/133/874 2306/133/874 2305/133/874
f 2310/133/874 2309/133/874 2308/133/874
f 2313/133/874 2312/133/874 2311/133/874
f 2316/133/515 2315/133/874 2314/133/874
f 2319/133/874 2318/133/562 2317/133/515
f 2322/133/874 2321/133/886 2320/133/887
f 2325/133/887 2324/133/874 2323/133/874
f 2328/133/874 2327/133/874 2326/133/874
f 2331/133/874 2330/133/874 2329/133/874
f 2334/133/874 2333/133/874 2332/133/874
f 2337/133/874 2336/133/874 2335/133/874
f 2340/133/874 2339/133/874 2338/133/874
f 2343/133/874 2342/133/874 2341/133/874
f 2346/133/874 2345/133/874 2344/133/874
f 2349/133/874 2348/133/874 2347/133/874
f 2352/133/874 2351/133/874 2350/133/874
f 2355/133/874 2354/133/874 2353/133/874
f 2358/133/874 2357/133/874 2356/133/874
f 2361/133/874 2360/133/874 2359/133/874
f 2364/133/874 2363/133/874 2362/133/874
f 2367/133/874 2366/133/874 2365/133/874
f 2370/133/562 2369/133/874 2368/133/874
f 2373/133/874 2372/133/563 2371/133/562
f 2376/133/874 2375/133/887 2374/133/888
f 2379/133/888 2378/133/874 2377/133/874
f 2382/133/874 2381/133/874 2380/133/874
f 2385/133/874 2384/133/874 2383/133/874
f 2388/133/874 2387/133/874 2386/133/874
f 2391/133/874 2390/133/874 2389/133/874
f 2394/133/874 2393/133/874 2392/133/874
f 2397/133/874 2396/133/874 2395/133/874
f 2400/133/874 2399/133/874 2398/133/874
f 2403/133/874 2402/133/874 2401/133/874
f 2406/133/874 2405/133/874 2404/133/874
f 2409/133/874 2408/133/874 2407/133/874
f 2412/133/874 2411/133/874 2410/133/874
f 2415/133/874 2414/133/874 2413/133/874
f 2418/133/874 2417/133/874 2416/133/874
f 2421/133/874 2420/133/874 2419/133/874
f 2424/133/563 2423/133/874 2422/133/874
f 2427/133/874 2426/133/585 2425/133/563
f 2430/133/874 2429/133/888 2428/133/889
f 2433/133/889 2432/133/874 2431/133/874
f 2436/133/874 2435/133/874 2434/133/874
f 2439/133/874 2438/133/874 2437/133/874
f 2442/133/874 2441/133/874 2440/133/874
f 2445/133/874 2444/133/874 2443/133/874
f 2448/133/874 2447/133/874 2446/133/874
f 2451/133/874 2450/133/874 2449/133/874
f 2454/133/874 2453/133/874 2452/133/874
f 2457/133/874 2456/133/874 2455/133/874
f 2460/133/874 2459/133/874 2458/133/874
f 2463/133/874 2462/133/874 2461/133/874
f 2466/133/874 2465/133/874 2464/133/874
f 2469/133/874 2468/133/874 2467/133/874
f 2472/133/874 2471/133/874 2470/133/874
f 2475/133/874 2474/133/874 2473/133/874
f 2478/133/585 2477/133/874 2476/133/874
f 2481/133/874 2480/133/890 2479/133/585
f 2484/133/874 2483/133/889 2482/133/363
f 2487/133/363 2486/133/891 2485/133/874
f 2490/133/874 2489/133/874 2488/133/891
f 2493/133/891 2492/133/892 2491/133/874
f 2496/133/874 2495/133/874 2494/133/892
f 2499/133/892 2498/133/893 2497/133/874
f 2502/133/874 2501/133/874 2500/133/893
f 2505/133/893 2504/133/287 2503/133/874
f 2508/133/874 2507/133/874 2506/133/287
f 2511/133/287 2510/133/228 2509/133/874
f 2514/133/874 2513/133/874 2512/133/228
f 2517/133/228 2516/133/894 2515/133/874
f 2520/133/874 2519/133/874 2518/133/894
f 2523/133/894 2522/133/199 2521/133/874
f 2526/133/874 2525/133/874 2524/133/199
f 2529/133/199 2528/133/895 2527/133/874
f 2532/133/890 2531/133/874 2530/133/895
f 2535/133/895 2534/133/140 2533/133/896
f 2538/134/366 2537/135/897 2536/136/898
f 2541/136/898 2540/137/899 2539/134/365
f 2544/138/900 2543/134/367 2542/137/901
f 2547/137/901 2546/139/902 2545/138/368
f 2550/140/903 2549/138/368 2548/139/904
f 2553/139/902 2552/141/905 2551/140/906
f 2556/142/907 2555/140/372 2554/141/908
f 2559/141/908 2558/143/909 2557/142/907
f 2562/144/376 2561/142/374 2560/143/909
f 2565/143/909 2564/145/910 2563/144/376
f 2568/146/911 2567/144/912 2566/145/910
f 2571/145/910 2570/147/913 2569/146/911
f 2574/148/381 2573/146/379 2572/147/914
f 2577/147/914 2576/149/915 2575/148/381
f 2580/150/383 2579/148/916 2578/149/915
f 2583/149/915 2582/151/917 2581/150/383
f 2586/152/385 2585/150/384 2584/151/918
f 2589/151/919 2588/153/387 2587/152/385
f 2592/137/920 2591/136/898 2590/154/888
f 2595/154/888 2594/155/921 2593/137/899
f 2598/139/902 2597/137/901 2596/155/922
f 2601/155/922 2600/156/923 2599/139/902
f 2604/141/924 2603/139/904 2602/156/925
f 2607/156/926 2606/157/927 2605/141/924
f 2610/143/928 2609/141/908 2608/157/929
f 2613/157/929 2612/158/930 2611/143/931
f 2616/145/910 2615/143/931 2614/158/932
f 2619/158/932 2618/159/933 2617/145/910
f 2622/147/934 2621/145/910 2620/159/933
f 2625/159/935 2624/160/936 2623/147/934
f 2628/149/937 2627/147/914 2626/160/938
f 2631/160/938 2630/161/939 2629/149/940
f 2634/151/917 2633/149/941 2632/161/942
f 2637/161/942 2636/162/943 2635/151/917
f 2640/153/387 2639/151/944 2638/162/945
f 2643/162/945 2642/163/946 2641/153/947
f 2646/155/921 2645/154/888 2644/164/887
f 2649/164/887 2648/165/948 2647/155/921
f 2652/156/923 2651/155/922 2650/165/949
f 2655/165/949 2654/166/950 2653/156/923
f 2658/157/927 2657/156/925 2656/166/951
f 2661/166/952 2660/167/953 2659/157/927
f 2664/158/930 2663/157/929 2662/167/954
f 2667/167/954 2666/168/955 2665/158/930
f 2670/159/933 2669/158/956 2668/168/955
f 2673/168/955 2672/169/957 2671/159/933
f 2676/160/936 2675/159/935 2674/169/958
f 2679/169/958 2678/170/959 2677/160/938
f 2682/161/939 2681/160/938 2680/170/959
f 2685/170/959 2684/171/960 2683/161/939
f 2688/162/961 2687/161/962 2686/171/960
f 2691/171/963 2690/172/964 2689/162/961
f 2694/163/389 2693/162/945 2692/172/965
f 2697/172/965 2696/173/390 2695/163/389
f 2700/165/948 2699/164/966 2698/174/967
f 2703/174/967 2702/175/968 2701/165/969
f 2706/166/970 2705/165/971 2704/175/968
f 2709/175/968 2708/176/972 2707/166/950
f 2712/167/973 2711/166/952 2710/176/974
f 2715/176/975 2714/177/976 2713/167/977
f 2718/168/978 2717/167/954 2716/177/979
f 2721/177/976 2720/178/980 2719/168/955
f 2724/169/981 2723/168/955 2722/178/980
f 2727/178/980 2726/179/982 2725/169/981
f 2730/170/983 2729/169/984 2728/179/985
f 2733/179/986 2732/180/987 2731/170/988
f 2736/171/960 2735/170/959 2734/180/989
f 2739/180/989 2738/181/990 2737/171/960
f 2742/172/991 2741/171/963 2740/181/992
f 2745/181/992 2744/182/993 2743/172/964
f 2748/173/390 2747/172/965 2746/182/994
f 2751/182/995 2750/183/391 2749/173/390
f 2754/175/968 2753/174/996 2752/184/997
f 2757/184/997 2756/185/998 2755/175/968
f 2760/176/975 2759/175/968 2758/185/999
f 2763/185/998 2762/186/1000 2761/176/975
f 2766/177/976 2765/176/974 2764/186/1001
f 2769/186/1001 2768/187/1002 2767/177/976
f 2772/178/1003 2771/177/976 2770/187/1004
f 2775/187/1004 2774/188/1005 2773/178/980
f 2778/179/982 2777/178/980 2776/188/1005
f 2781/188/1005 2780/189/1006 2779/179/982
f 2784/180/987 2783/179/982 2782/189/1006
f 2787/189/1007 2786/190/1008 2785/180/987
f 2790/181/990 2789/180/989 2788/190/1008
f 2793/190/1008 2792/191/1009 2791/181/990
f 2796/182/1010 2795/181/990 2794/191/1011
f 2799/191/1012 2798/192/1013 2797/182/1010
f 2802/183/391 2801/182/994 2800/192/1014
f 2805/192/1014 2804/193/392 2803/183/391
f 2808/185/998 2807/184/997 2806/194/882
f 2811/194/882 2810/195/1015 2809/185/998
f 2814/186/1000 2813/185/1016 2812/195/1017
f 2817/195/1018 2816/196/1019 2815/186/1020
f 2820/187/1002 2819/186/1021 2818/196/1022
f 2823/196/1023 2822/197/1024 2821/187/1002
f 2826/188/1005 2825/187/1002 2824/197/1025
f 2829/197/1025 2828/198/1026 2827/188/1027
f 2832/189/1006 2831/188/1005 2830/198/1026
f 2835/198/1026 2834/199/1028 2833/189/1006
f 2838/190/1008 2837/189/1006 2836/199/1029
f 2841/199/1029 2840/200/1030 2839/190/1031
f 2844/191/1009 2843/190/1008 2842/200/1032
f 2847/200/1033 2846/201/1034 2845/191/1009
f 2850/192/1013 2849/191/1011 2848/201/1035
f 2853/201/1035 2852/202/1036 2851/192/1013
f 2856/193/1037 2855/192/1014 2854/202/1038
f 2859/202/1038 2858/203/394 2857/193/1037
f 2862/195/1015 2861/194/882 2860/204/880
f 2865/204/1039 2864/205/1040 2863/195/1015
f 2868/196/1041 2867/195/1018 2866/205/1040
f 2871/205/1040 2870/206/1042 2869/196/1019
f 2874/197/1024 2873/196/1022 2872/206/1043
f 2877/206/1044 2876/207/1045 2875/197/1024
f 2880/198/1046 2879/197/1047 2878/207/1045
f 2883/207/1045 2882/208/1048 2881/198/1046
f 2886/199/1028 2885/198/1049 2884/208/1050
f 2889/208/1050 2888/209/1051 2887/199/1028
f 2892/200/1030 2891/199/1028 2890/209/1052
f 2895/209/1052 2894/210/1053 2893/200/1030
f 2898/201/1035 2897/200/1032 2896/210/1054
f 2901/210/1055 2900/211/1056 2899/201/1035
f 2904/202/1057 2903/201/1035 2902/211/1058
f 2907/211/1059 2906/212/1060 2905/202/1038
f 2910/203/394 2909/202/1061 2908/212/1062
f 2913/212/1060 2912/213/395 2911/203/394
f 2916/205/1040 2915/204/1063 2914/214/873
f 2919/214/873 2918/215/1064 2917/205/1040
f 2922/206/1042 2921/205/1065 2920/215/1066
f 2925/215/1066 2924/216/1067 2923/206/1042
f 2928/207/1045 2927/206/1044 2926/216/1067
f 2931/216/1068 2930/217/1069 2929/207/1045
f 2934/208/1048 2933/207/1070 2932/217/1071
f 2937/217/1071 2936/218/1072 2935/208/1050
f 2940/209/1051 2939/208/1050 2938/218/1072
f 2943/218/1072 2942/219/1073 2941/209/1074
f 2946/210/1075 2945/209/1076 2944/219/1077
f 2949/219/1077 2948/220/1078 2947/210/1053
f 2952/211/1079 2951/210/1054 2950/220/1080
f 2955/220/1080 2954/221/1081 2953/211/1056
f 2958/212/1060 2957/211/1058 2956/221/1082
f 2961/221/1082 2960/222/1083 2959/212/1060
f 2964/213/395 2963/212/1062 2962/222/1084
f 2967/222/1085 2966/223/1086 2965/213/395
f 2970/215/1066 2969/214/873 2968/224/648
f 2973/224/648 2972/225/647 2971/215/1066
f 2976/216/1087 2975/215/1066 2974/225/652
f 2979/225/652 2978/226/651 2977/216/1067
f 2982/217/1069 2981/216/1087 2980/226/651
f 2985/226/1088 2984/227/658 2983/217/1069
f 2988/218/1072 2987/217/1089 2986/227/1090
f 2991/227/1091 2990/228/662 2989/218/1072
f 2994/219/1092 2993/218/1072 2992/228/659
f 2997/228/659 2996/229/663 2995/219/1092
f 3000/220/1078 2999/219/1092 2998/229/1093
f 3003/229/1093 3002/230/668 3001/220/1078
f 3006/221/1094 3005/220/1095 3004/230/1096
f 3009/230/1097 3008/231/1098 3007/221/1081
f 3012/222/1083 3011/221/1082 3010/231/669
f 3015/231/669 3014/232/674 3013/222/1083
f 3018/223/1086 3017/222/1099 3016/232/678
f 3021/232/678 3020/233/398 3019/223/1086
o torso
v -0.065811 2.093688 -0.946977
v -0.065812 2.093687 0.854419
v -0.065812 3.963687 0.854419
v -0.065811 3.963686 -0.946977
v -0.065811 2.093688 -0.946977
v -0.065812 3.963687 0.854419
v -0.130812 3.963687 0.919419
v -0.130812 4.028687 0.854419
v -0.065812 3.963687 0.854419
v -0.130812 2.093687 0.919419
v -0.130812 3.963687 0.919419
v -0.065812 3.963687 0.854419
v -0.065812 2.093687 0.854419
v -0.130812 2.093687 0.919419
v -0.065812 3.963687 0.854419
v -0.130812 2.028687 0.854419
v -0.130812 2.093687 0.919419
v -0.065812 2.093687 0.854419
v -0.130811 2.028688 -0.946977
v -0.130812 2.028687 0.854419
v -0.065812 2.093687 0.854419
v -0.065811 2.093688 -0.946977
v -0.130811 2.028688 -0.946977
v -0.065812 2.093687 0.854419
v -0.130811 2.093688 -1.011978
v -0.130811 2.028688 -0.946977
v -0.065811 2.093688 -0.946977
v -0.130811 3.963686 -1.011977
v -0.130811 2.093688 -1.011978
v -0.065811 2.093688 -0.946977
v -0.065811 3.963686 -0.946977
v -0.130811 3.963686 -1.011977
v -0.065811 2.093688 -0.946977
v -0.130811 4.028687 -0.946977
v -0.130811 3.963686 -1.011977
v -0.065811 3.963686 -0.946977
v -0.130812 4.028687 0.854419
v -0.130811 4.028687 -0.946977
v -0.065811 3.963686 -0.946977
v -0.065812 3.963687 0.854419
v -0.130812 4.028687 0.854419
v -0.065811 3.963686 -0.946977
v -1.000811 3.963687 0.919418
v -1.000811 4.028687 0.854419
v -0.130812 4.028687 0.854419
v -0.130812 3.963687 0.919419
v -1.000811 3.963687 0.919418
v -0.130812 4.028687 0.854419
v -1.000811 2.093687 0.919418
v -1.000811 3.963687 0.919418
v -0.130812 3.963687 0.919419
v -0.130812 2.093687 0.919419
v -1.000811 2.093687 0.919418
v -0.130812 3.963687 0.919419
v -1.000811 2.028687 0.854418
v -1.000811 2.093687 0.919418
v -0.130812 2.093687 0.919419
v -0.130812 2.028687 0.854419
v -1.000811 2.028687 0.854418
v -0.130812 2.093687 0.919419
v -1.000811 2.028688 -0.946977
v -1.000811 2.028687 0.854418
v -0.130812 2.028687 0.854419
v -0.130811 2.028688 -0.946977
v -1.000811 2.028688 -0.946977
v -0.130812 2.028687 0.854419
v -1.000811 2.093688 -1.011978
v -1.000811 2.028688 -0.946977
v -0.130811 2.028688 -0.946977
v -0.130811 2.093688 -1.011978
v -1.000811 2.093688 -1.011978
v -0.130811 2.028688 -0.946977
v -1.000811 3.963686 -1.011977
v -1.000811 2.093688 -1.011978
v -0.130811 2.093688 -1.011978
v -0.130811 3.963686 -1.011977
v -1.000811 3.963686 -1.011977
v -0.130811 2.093688 -1.011978
v -1.000811 4.028687 -0.946977
v -1.000811 3.963686 -1.011977
v -0.130811 3.963686 -1.011977
v -0.130811 4.028687 -0.946977
v -1.000811 4.028687 -0.946977
v -0.130811 3.963686 -1.011977
v -1.000811 4.028687 0.854419
v -1.000811 4.028687 -0.946977
v -0.130811 4.028687 -0.946977
v -0.130812 4.028687 0.854419
v -1.000811 4.028687 0.854419
v -0.130811 4.028687 -0.946977
v -1.000811 3.963687 0.919418
v -1.065812 3.963687 0.854419
v -1.000811 4.028687 0.854419
v -1.065812 2.093687 0.854418
v -1.065812 3.963687 0.854419
v -1.000811 3.963687 0.919418
v -1.000811 2.093687 0.919418
v -1.065812 2.093687 0.854418
v -1.000811 3.963687 0.919418
v -1.000811 2.028687 0.854418
v -1.065812 2.093687 0.854418
v -1.000811 2.093687 0.919418
v -1.065811 2.093688 -0.946977
v -1.065812 2.093687 0.854418
v -1.000811 2.028687 0.854418
v -1.000811 2.028688 -0.946977
v -1.065811 2.093688 -0.946977
v -1.000811 2.028687 0.854418
v -1.000811 2.093688 -1.011978
v -1.065811 2.093688 -0.946977
v -1.000811 2.028688 -0.946977
v -1.065811 3.963686 -0.946977
v -1.065811 2.093688 -0.946977
v -1.000811 2.093688 -1.011978
v -1.000811 3.963686 -1.011977
v -1.065811 3.963686 -0.946977
v -1.000811 2.093688 -1.011978
v -1.000811 4.028687 -0.946977
v -1.065811 3.963686 -0.946977
v -1.000811 3.963686 -1.011977
v -1.065812 3.963687 0.854419
v -1.065811 3.963686 -0.946977
v -1.000811 4.028687 -0.946977
v -1.000811 4.028687 0.854419
v -1.065812 3.963687 0.854419
v -1.000811 4.028687 -0.946977
v -1.065812 2.093687 0.854418
v -1.065811 2.093688 -0.946977
v -1.065811 3.963686 -0.946977
v -1.065812 3.963687 0.854419
v -1.065812 2.093687 0.854418
v -1.065811 3.963686 -0.946977
v -0.130812 2.093687 0.919419
v -0.130812 2.028687 0.984419
v -0.065812 2.093687 0.984419
v -0.130812 3.963687 0.919419
v -0.130812 2.093687 0.919419
v -0.065812 2.093687 0.984419
v -1.000811 2.093687 0.919418
v -1.000811 2.028687 0.984418
v -0.130812 2.028687 0.984419
v -0.130812 2.093687 0.919419
v -1.000811 2.093687 0.919418
v -0.130812 2.028687 0.984419
v -1.000811 3.963687 0.919418
v -1.000811 2.093687 0.919418
v -0.130812 2.093687 0.919419
v -0.130812 3.963687 0.919419
v -1.000811 3.963687 0.919418
v -0.130812 2.093687 0.919419
v -1.000811 2.093687 0.919418
v -1.065812 2.093687 0.984418
v -1.000811 2.028687 0.984418
v -1.065812 3.963687 0.984419
v -1.065812 2.093687 0.984418
v -1.000811 2.093687 0.919418
v -1.000811 3.963687 0.919418
v -1.065812 3.963687 0.984419
v -1.000811 2.093687 0.919418
v -0.130811 3.963686 -1.011977
v -0.130811 4.028687 -1.076977
v -0.065811 3.963687 -1.076977
v -0.130811 2.093688 -1.011978
v -0.130811 3.963686 -1.011977
v -0.065811 3.963687 -1.076977
v -0.065811 2.093688 -1.076977
v -0.130811 2.093688 -1.011978
v -0.065811 3.963687 -1.076977
v -0.130811 2.028688 -1.076977
v -0.130811 2.093688 -1.011978
v -0.065811 2.093688 -1.076977
v -1.000811 3.963686 -1.011977
v -1.000811 4.028687 -1.076977
v -0.130811 4.028687 -1.076977
v -0.130811 3.963686 -1.011977
v -1.000811 3.963686 -1.011977
v -0.130811 4.028687 -1.076977
v -1.000811 2.093688 -1.011978
v -1.000811 3.963686 -1.011977
v -0.130811 3.963686 -1.011977
v -0.130811 2.093688 -1.011978
v -1.000811 2.093688 -1.011978
v -0.130811 3.963686 -1.011977
v -1.000811 2.028688 -1.076977
v -1.000811 2.093688 -1.011978
v -0.130811 2.093688 -1.011978
v -0.130811 2.028688 -1.076977
v -1.000811 2.028688 -1.076977
v -0.130811 2.093688 -1.011978
v -1.000811 3.963686 -1.011977
v -1.065811 3.963687 -1.076977
v -1.000811 4.028687 -1.076977
v -1.065811 2.093688 -1.076977
v -1.065811 3.963687 -1.076977
v -1.000811 3.963686 -1.011977
v -1.000811 2.093688 -1.011978
v -1.065811 2.093688 -1.076977
v -1.000811 3.963686 -1.011977
v -1.000811 2.028688 -1.076977
v -1.065811 2.093688 -1.076977
v -1.000811 2.093688 -1.011978
v -0.130812 1.963687 0.919419
v -0.130812 2.028687 0.854419
v -0.065812 1.963687 0.854419
v -0.130812 2.028688 0.053024
v -0.130812 1.963687 -0.011976
v -0.065812 1.963687 0.053024
v -0.130812 2.028687 0.854419
v -0.130812 2.028688 0.053024
v -0.065812 1.963687 0.053024
v -0.065812 1.963687 0.854419
v -0.130812 2.028687 0.854419
v -0.065812 1.963687 0.053024
v -1.000811 1.963687 0.919418
v -1.000811 2.028687 0.854418
v -0.130812 2.028687 0.854419
v -0.130812 1.963687 0.919419
v -1.000811 1.963687 0.919418
v -0.130812 2.028687 0.854419
v -1.000811 2.028688 0.053022
v -1.000811 1.963687 -0.011977
v -0.130812 1.963687 -0.011976
v -0.130812 2.028688 0.053024
v -1.000811 2.028688 0.053022
v -0.130812 1.963687 -0.011976
v -1.000811 2.028687 0.854418
v -1.000811 2.028688 0.053022
v -0.130812 2.028688 0.053024
v -0.130812 2.028687 0.854419
v -1.000811 2.028687 0.854418
v -0.130812 2.028688 0.053024
v -1.000811 1.963687 0.919418
v -1.065812 1.963687 0.854418
v -1.000811 2.028687 0.854418
v -1.000811 2.028688 0.053022
v -1.065812 1.963687 0.053022
v -1.000811 1.963687 -0.011977
v -1.065812 1.963687 0.854418
v -1.065812 1.963687 0.053022
v -1.000811 2.028688 0.053022
v -1.000811 2.028687 0.854418
v -1.065812 1.963687 0.854418
v -1.000811 2.028688 0.053022
v -0.130812 1.963687 -0.011976
v -0.130812 2.028688 -0.076977
v -0.065812 1.963687 -0.076977
v -0.130811 2.028688 -0.946977
v -0.130811 1.963688 -1.011978
v -0.065811 1.963688 -0.946977
v -0.130812 2.028688 -0.076977
v -0.130811 2.028688 -0.946977
v -0.065811 1.963688 -0.946977
v -0.065812 1.963687 -0.076977
v -0.130812 2.028688 -0.076977
v -0.065811 1.963688 -0.946977
v -1.000811 1.963687 -0.011977
v -1.000811 2.028688 -0.076977
v -0.130812 2.028688 -0.076977
v -0.130812 1.963687 -0.011976
v -1.000811 1.963687 -0.011977
v -0.130812 2.028688 -0.076977
v -1.000811 2.028688 -0.946977
v -1.000811 1.963688 -1.011978
v -0.130811 1.963688 -1.011978
v -0.130811 2.028688 -0.946977
v -1.000811 2.028688 -0.946977
v -0.130811 1.963688 -1.011978
v -1.000811 2.028688 -0.076977
v -1.000811 2.028688 -0.946977
v -0.130811 2.028688 -0.946977
v -0.130812 2.028688 -0.076977
v -1.000811 2.028688 -0.076977
v -0.130811 2.028688 -0.946977
v -1.000811 1.963687 -0.011977
v -1.065812 1.963687 -0.076977
v -1.000811 2.028688 -0.076977
v -1.000811 2.028688 -0.946977
v -1.065811 1.963688 -0.946977
v -1.000811 1.963688 -1.011978
v -1.065812 1.963687 -0.076977
v -1.065811 1.963688 -0.946977
v -1.000811 2.028688 -0.946977
v -1.000811 2.028688 -0.076977
v -1.065812 1.963687 -0.076977
v -1.000811 2.028688 -0.946977
vn 1.0000 -0.0000 -0.0000
vn 0.6927 0.2008 0.6927
vn 0.6927 0.6927 0.2008
vn 0.3029 0.6739 0.6739
vn 0.7071 -0.0000 0.7071
vn 0.6927 -0.2008 0.6927
vn 0.6739 -0.6739 0.3029
vn 0.3029 -0.6739 0.6739
vn 0.6740 -0.6738 0.3029
vn 0.7071 -0.7071 -0.0000
vn 0.6926 -0.6929 -0.2008
vn 0.6926 -0.6928 -0.2008
vn 0.6739 -0.3029 -0.6739
vn 0.6927 -0.6927 -0.2008
vn 0.3029 -0.6739 -0.6739
vn 0.7071 -0.0000 -0.7071
vn 0.6927 0.2008 -0.6927
vn 0.6739 0.6739 -0.3029
vn 0.3029 0.6739 -0.6739
vn 0.6740 0.6737 -0.3029
vn 0.7071 0.7071 -0.0000
vn 0.6926 0.6928 0.2008
vn -0.0000 0.7071 0.7071
vn -0.3029 0.6739 0.6739
vn -0.0000 -0.0000 1.0000
vn -0.0000 -0.7071 0.7071
vn -0.3029 -0.6739 0.6739
vn -0.0000 -1.0000 -0.0000
vn -0.0000 -0.7071 -0.7071
vn -0.3029 -0.6739 -0.6739
vn -0.0000 -0.0000 -1.0000
vn -0.0000 0.7071 -0.7071
vn -0.3029 0.6739 -0.6739
vn -0.0000 1.0000 -0.0000
vn -0.3030 0.6739 0.6739
vn -0.6927 0.6927 0.2008
vn -0.6739 0.3029 0.6739
vn -0.7071 -0.0000 0.7071
vn -0.6927 -0.2008 0.6927
vn -0.3030 -0.6739 0.6739
vn -0.6739 -0.6739 0.3029
vn -0.6737 -0.6740 0.3029
vn -0.7071 -0.7071 -0.0000
vn -0.6929 -0.6926 -0.2008
vn -0.6928 -0.6926 -0.2008
vn -0.6927 -0.6927 -0.2008
vn -0.6739 -0.3029 -0.6739
vn -0.7071 -0.0000 -0.7071
vn -0.6927 0.2008 -0.6927
vn -0.6739 0.6739 -0.3029
vn -0.6738 0.6740 -0.3029
vn -0.7071 0.7071 -0.0000
vn -0.6929 0.6926 0.2008
vn -0.6928 0.6926 0.2008
vn -1.0000 -0.0000 -0.0000
vn -0.3030 -0.6739 -0.6739
vn -0.6927 -0.2008 -0.6927
vn -0.6927 0.2008 0.6927
vn 0.6745 0.6733 -0.3029
vn 0.6920 0.6934 0.2008
vn 0.6923 0.6931 0.2008
vn -0.6733 0.6745 -0.3029
vn -0.6934 0.6920 0.2008
vn -0.6931 0.6923 0.2008
vn 0.3030 0.6739 -0.6739
vn -0.6739 0.6739 -0.3030
vt 0.115700 0.496100
vt 0.024900 0.496100
vt 0.024900 0.253900
vt 0.115700 0.253900
vt 0.118700 0.496100
vt 0.115700 0.503900
vt 0.024900 0.503900
vt 0.022000 0.496100
vt 0.022000 0.253900
vt 0.024900 0.246100
vt 0.115700 0.246100
vt 0.118700 0.253900
vt 0.118700 0.503900
vt 0.118700 0.621100
vt 0.115700 0.621100
vt 0.024900 0.621100
vt 0.022000 0.621100
vt 0.022000 0.503900
vt 0.337600 0.240200
vt 0.337600 0.357400
vt 0.246800 0.357400
vt 0.246800 0.240200
vt 0.022000 0.996100
vt 0.022000 0.878900
vt 0.024900 0.878900
vt 0.024900 0.996100
vt 0.115700 0.878900
vt 0.115700 0.996100
vt 0.118700 0.878900
vt 0.118700 0.996100
vt 0.147900 0.357400
vt 0.147900 0.240200
vt 0.238800 0.240200
vt 0.238800 0.357400
vt 0.118700 0.628900
vt 0.115700 0.628900
vt 0.024900 0.628900
vt 0.022000 0.628900
vt 0.024900 0.871100
vt 0.022000 0.871100
vt 0.115700 0.871100
vt 0.118700 0.871100
vt 0.317900 0.503900
vt 0.314900 0.503900
vt 0.317900 0.496100
vt 0.408700 0.496100
vt 0.314900 0.996100
vt 0.314900 0.878900
vt 0.317900 0.878900
vt 0.317900 0.996100
vt 0.408700 0.878900
vt 0.408700 0.996100
vt 0.314900 0.871100
vt 0.317900 0.871100
vt 0.408700 0.871100
vt 0.262200 0.871100
vt 0.265100 0.871100
vt 0.262200 0.878900
vt 0.171400 0.878900
vt 0.171400 0.871100
vt 0.168500 0.871100
vt 0.265100 0.378900
vt 0.265100 0.496100
vt 0.262200 0.496100
vt 0.262200 0.378900
vt 0.171400 0.496100
vt 0.171400 0.378900
vt 0.168500 0.496100
vt 0.168500 0.378900
vt 0.265100 0.503900
vt 0.262200 0.503900
vt 0.171400 0.503900
vt 0.168500 0.503900
vt 0.701700 0.621100
vt 0.704600 0.621100
vt 0.701700 0.628900
vt 0.701700 0.503900
vt 0.701700 0.496100
vt 0.704600 0.503900
vt 0.704600 0.628900
vt 0.704600 0.746100
vt 0.701700 0.746100
vt 0.701700 0.996100
vt 0.701700 0.878900
vt 0.704600 0.878900
vt 0.704600 0.996100
vt 0.399900 0.355500
vt 0.399900 0.238300
vt 0.443800 0.238300
vt 0.443800 0.355500
vt 0.704600 0.753900
vt 0.701700 0.753900
vt 0.701700 0.871100
vt 0.704600 0.871100
vt 0.555200 0.871100
vt 0.558100 0.871100
vt 0.555200 0.878900
vt 0.555200 0.753900
vt 0.555200 0.746100
vt 0.558100 0.753900
vt 0.558100 0.378900
vt 0.558100 0.496100
vt 0.555200 0.496100
vt 0.555200 0.378900
vt 0.555200 0.628900
vt 0.558100 0.628900
vt 0.558100 0.746100
vt 0.347200 0.355500
vt 0.347200 0.238300
vt 0.391100 0.238300
vt 0.391100 0.355500
vt 0.558100 0.503900
vt 0.555200 0.503900
vt 0.555200 0.621100
vt 0.558100 0.621100
s 1
usemtl Material.001
f 3024/234/1100 3023/235/1100 3022/236/1100
f 3027/234/1100 3026/236/1100 3025/237/1100
f 3030/234/1101 3029/238/1102 3028/239/1103
f 3033/234/1101 3032/239/1104 3031/240/1105
f 3036/234/1101 3035/240/1105 3034/235/1104
f 3039/235/1106 3038/240/1105 3037/241/1107
f 3042/235/1108 3041/241/1109 3040/242/1110
f 3045/235/1109 3044/242/1111 3043/236/1109
f 3048/236/1112 3047/242/1113 3046/243/1114
f 3051/236/1112 3050/243/1115 3049/244/1116
f 3054/236/1115 3053/244/1116 3052/237/1115
f 3057/237/1117 3056/244/1116 3055/245/1118
f 3060/237/1119 3059/245/1120 3058/238/1121
f 3063/237/1120 3062/238/1121 3061/234/1120
f 3066/246/1122 3065/247/1123 3064/248/1122
f 3069/246/1122 3068/248/1122 3067/239/1103
f 3072/239/1124 3071/248/1124 3070/249/1124
f 3075/239/1124 3074/249/1124 3073/240/1124
f 3078/240/1125 3077/249/1126 3076/250/1125
f 3081/240/1125 3080/250/1125 3079/251/1107
f 3084/252/1127 3083/253/1127 3082/254/1127
f 3087/252/1127 3086/254/1127 3085/255/1127
f 3090/256/1128 3089/257/1129 3088/258/1128
f 3093/256/1128 3092/258/1128 3091/259/1114
f 3096/259/1130 3095/258/1130 3094/260/1130
f 3099/259/1130 3098/260/1130 3097/261/1130
f 3102/261/1131 3101/260/1132 3100/262/1131
f 3105/261/1131 3104/262/1131 3103/263/1118
f 3108/264/1133 3107/265/1133 3106/266/1133
f 3111/264/1133 3110/266/1133 3109/267/1133
f 3114/268/1134 3113/269/1135 3112/248/1136
f 3117/248/1136 3116/269/1137 3115/270/1138
f 3120/248/1137 3119/270/1138 3118/249/1137
f 3123/249/1139 3122/270/1138 3121/271/1140
f 3126/271/1141 3125/270/1142 3124/272/1143
f 3129/271/1142 3128/272/1144 3127/273/1142
f 3132/273/1129 3131/272/1145 3130/258/1146
f 3135/258/1146 3134/272/1147 3133/274/1148
f 3138/258/1147 3137/274/1148 3136/260/1147
f 3141/260/1132 3140/274/1148 3139/275/1149
f 3144/275/1150 3143/274/1151 3142/269/1152
f 3147/275/1151 3146/269/1153 3145/268/1151
f 3150/274/1154 3149/272/1154 3148/270/1154
f 3153/274/1154 3152/270/1154 3151/269/1154
f 3156/276/1112 3155/277/1113 3154/278/1114
f 3159/276/1112 3158/278/1115 3157/279/1116
f 3162/280/1128 3161/281/1129 3160/282/1128
f 3165/280/1128 3164/282/1128 3163/283/1114
f 3168/283/1130 3167/282/1130 3166/284/1130
f 3171/283/1130 3170/284/1130 3169/285/1130
f 3174/286/1155 3173/287/1145 3172/282/1156
f 3177/282/1156 3176/287/1147 3175/288/1148
f 3180/282/1156 3179/288/1148 3178/284/1147
f 3183/289/1101 3182/290/1102 3181/291/1103
f 3186/289/1101 3185/291/1104 3184/292/1105
f 3189/289/1101 3188/292/1105 3187/293/1104
f 3192/293/1106 3191/292/1105 3190/294/1107
f 3195/295/1122 3194/296/1123 3193/297/1122
f 3198/295/1122 3197/297/1122 3196/298/1103
f 3201/298/1124 3200/297/1124 3199/299/1124
f 3204/298/1124 3203/299/1124 3202/300/1124
f 3207/300/1125 3206/299/1126 3205/301/1125
f 3210/300/1125 3209/301/1125 3208/302/1107
f 3213/303/1134 3212/304/1135 3211/297/1157
f 3216/297/1157 3215/304/1137 3214/305/1138
f 3219/297/1157 3218/305/1138 3217/299/1137
f 3222/299/1126 3221/305/1138 3220/306/1140
f 3225/307/1101 3224/308/1102 3223/309/1103
f 3228/310/1117 3227/311/1116 3226/312/1118
f 3231/310/1158 3230/312/1120 3229/308/1159
f 3234/310/1120 3233/308/1160 3232/307/1120
f 3237/313/1122 3236/314/1123 3235/315/1122
f 3240/313/1122 3239/315/1122 3238/309/1103
f 3243/316/1131 3242/317/1132 3241/318/1131
f 3246/316/1131 3245/318/1131 3244/319/1118
f 3249/320/1133 3248/321/1133 3247/322/1133
f 3252/320/1133 3251/322/1133 3250/323/1133
f 3255/324/1134 3254/325/1135 3253/315/1136
f 3258/317/1132 3257/326/1148 3256/327/1149
f 3261/327/1161 3260/326/1151 3259/325/1162
f 3264/327/1151 3263/325/1163 3262/324/1151
f 3267/328/1101 3266/329/1102 3265/330/1103
f 3270/331/1117 3269/332/1116 3268/333/1164
f 3273/331/1117 3272/333/1120 3271/329/1102
f 3276/331/1120 3275/329/1102 3274/328/1120
f 3279/334/1122 3278/335/1123 3277/336/1122
f 3282/334/1122 3281/336/1122 3280/337/1103
f 3285/332/1131 3284/338/1132 3283/339/1131
f 3288/332/1131 3287/339/1131 3286/340/1118
f 3291/341/1133 3290/342/1133 3289/343/1133
f 3294/341/1133 3293/343/1133 3292/344/1133
f 3297/345/1134 3296/346/1135 3295/336/1157
f 3300/338/1132 3299/347/1148 3298/348/1165
f 3303/348/1149 3302/347/1151 3301/346/1135
f 3306/348/1151 3305/346/1135 3304/345/1151
